indicativo,altitud,tmed_mean,tmed_winter,tmed_spring,tmed_summer,tmed_fall,prec_mean,hrMedia_mean,velmedia_mean,longitud_dd,latitud_dd,tmed_range,prec_mean_log,velmedia_mean_log,cluster
0002I,32,17.11037723919007,11.585643564356436,15.162375708839852,24.39878619576311,18.51024096385542,1.379955364841708,62.20993041638925,2.2015482090880436,0.8713888888888889,40.95805555555556,12.813142631406672,0.8670817332393299,1.1636345081447892,1
0009X,406,15.457051609606541,9.434418145956608,13.725871559633028,23.02887168141593,16.725275938189842,1.521819110884006,65.473939703628,3.1966019417475726,0.9633333333333332,41.21388888888889,13.594453535459321,0.9249805104993526,1.434275136333764,1
0016A,71,17.283885341997674,10.442022116903633,15.254503105590064,24.939566045054523,18.394659610384515,1.257447224394058,63.79632525410477,3.5551407349491786,1.163611111111111,41.145,14.49754392815089,0.8142346281372015,1.5162564270401528,1
0016B,118,18.662309967384097,12.448341232227486,16.55947204968944,25.720013814547393,19.827943485086344,1.3085147047218644,61.21266614542611,3.1285366758701785,1.108888888888889,41.15416666666667,13.271672582319907,0.8366043327613247,1.4179230284183455,1
0034X,233,16.68690383111806,9.802053712480253,14.871739130434785,24.39860248447205,17.567189952904236,1.1329083925147097,66.9007036747459,2.2163421552122995,1.2608333333333333,41.293055555555554,14.596548771991797,0.7574864908476229,1.1682447372036537,1
0042Y,55,18.03201174743025,11.959577677224736,15.705124223602482,24.788328530259363,19.187828492392807,1.349217629690284,67.35022026431719,2.6693739121473765,1.2491666666666668,41.12388888888889,12.828750853034627,0.8540823491886745,1.3000210513681723,1
0061X,632,14.14439586645469,8.065165876777252,12.025388198757765,21.58385093167702,14.853277310924367,1.4027027027027026,58.48430047694754,3.492905405405405,1.5191666666666666,41.41694444444444,13.518685054899768,0.8765942298756344,1.5024995760950572,4
0066X,177,16.554693388146624,9.542382271468144,14.65101902173913,24.43451568894952,17.49986263736264,1.2773709393219006,68.24323398424117,1.632853717026379,1.6769444444444443,41.33027777777778,14.892133417481377,0.8230216808501001,0.9680683214418854,1
0073X,58,16.870929798356983,11.038017118402282,14.685263929618769,24.179017160686428,18.239449541284404,1.2852537543280742,71.50578790141897,1.7088498879761016,1.8525,41.24388888888889,13.141000042284146,0.8264770704026784,0.9965241492295431,1
0076,4,17.563313718278778,11.213603473227206,15.39945652173913,25.080000000000002,19.222370486656203,1.4426995218830454,68.15759470393527,4.513093048915042,2.0700000000000003,41.29277777777778,13.866396526772796,0.8931037891658183,1.707125817555997,1
0092X,682,13.779239649681527,6.561491628614917,12.513319088319086,22.416447368421053,14.475229357798165,2.250199044585987,65.43192675159236,2.1614649681528664,1.8575,42.10138888888889,15.854955739806137,1.1787162389542751,1.1510355176874227,3
0106X,361,14.376185531325719,6.44300932090546,13.034002433090025,23.51350954478708,15.696771653543308,1.4405676704742125,67.47853928695051,2.306680512287989,1.8725,41.86638888888889,17.07050022388162,0.8922306640795631,1.1959448198037732,1
0114X,700,13.371284032376748,5.653043478260869,11.486209239130435,22.515725190839692,14.50690737833595,1.7906571602539312,68.967255334805,1.5909492273730683,2.0266666666666664,42.00694444444444,16.862681712578823,1.026277109407428,0.9520243056230442,1
0120X,742,13.78109756097561,6.9321016166281755,11.972717391304348,21.997973778307507,14.636996336996338,1.7127564837167213,69.70963995354239,1.9483449477351917,2.095277777777778,41.81333333333333,15.065872161679332,0.9979652706053509,1.081243978246855,1
0149D,291,15.769396681749624,7.697654320987655,14.191338582677165,24.673296158612143,16.703337453646476,1.5865633900858596,64.82970437628035,1.9833540507551097,1.840277777777778,41.72,16.975641837624487,0.9503301182167346,1.0930481879817298,1
0149X,291,15.601268956979263,7.322518610421837,14.111861313868614,24.741898734177212,16.432595325953262,1.2799752398638193,62.00448777468276,2.0642201396485147,1.840277777777778,41.72,17.419380123755374,0.8241645831985311,1.1197930964412335,4
0158O,738,13.616735173223722,6.9156794425087105,11.887282608695653,21.885924112607103,14.365222772277228,1.684380504991192,65.45311367955863,2.6055048246142003,1.8391666666666668,41.59444444444445,14.970244670098392,0.9874499769417929,1.2824617955000335,1
0158X,738,13.781353456669912,7.159923175416132,12.112077294685989,21.92797858099063,14.426827586206898,1.699195178410937,67.70821161960403,2.4267332081486557,1.8391666666666668,41.59444444444445,14.768055405574497,0.9929536465049693,1.2316073898907933,1
0171X,313,15.881767296344666,8.179260345005526,14.268330308529945,24.705406237242382,16.836402534427805,1.3987513591198824,60.62053230242083,1.368935028984444,1.6177777777777778,41.57888888888889,16.526145892236855,0.8749483349346647,0.862440499298006,4
0194D,647,15.056433944576844,8.034565265838296,13.428294573643408,23.75889047128235,15.88170731707317,1.486641279314254,70.99095102909865,2.290509103216966,1.885,41.40805555555556,15.724325205444053,0.910932916104393,1.191042295425015,1
0200E,408,16.691139705882353,10.597398843930636,14.762228260869565,24.341984732824425,17.672684458398745,1.8466360294117647,68.52654130111412,3.920695860925126,2.1241666666666665,41.41833333333333,13.74458588889379,1.0461379565727307,1.5934499556505926,1
0201D,26,17.476819606706,11.825124346700463,15.546856597405263,24.508709846910442,18.761996336996337,1.4304125903870695,72.36728726492603,3.551850276478094,2.2,41.39055555555556,12.683585500209979,0.8880610332224631,1.5155338044724702,1
0201X,11,17.625691019411327,12.50348674697984,16.157008130066774,25.1035844849037,19.22531076909568,1.4931489950630976,67.30886239312852,3.2365500838382735,2.1738888888888885,41.375,12.600097737923859,0.9135465681238126,1.4437492785712243,1
0222X,175,15.982458941605842,8.804151291512916,13.83786231884058,24.22572463768116,16.942490842490844,1.4842858738410225,68.38845802919708,2.2139598540145986,2.168333333333333,41.61277777777778,15.421573346168245,0.9099852435367048,1.1675037762648746,1
0229I,146,12.071573216298631,11.387206726993913,13.00631768949532,,,0.8335051546391751,63.946108122212856,2.5030927835051546,2.103055555555556,41.52361111111111,14.440254296680273,0.6062295198910813,1.253646230734449,1
0244X,56,18.082989926739927,11.936574074074073,15.803170289855073,25.174728260869568,19.310555555555556,1.4448717948717948,67.29967948717949,2.1247023809523813,2.3625000000000003,41.505,13.238154186795494,0.8939926859167816,1.1393390405576915,1
0252D,74,17.329890512317878,10.981435259148482,15.327959927140254,24.57470355731225,18.507658148945232,1.5106860809476803,61.79498245261035,1.3646347482724581,2.54,41.58722222222222,13.59326829816377,0.920556054816368,0.860623569539976,1
0255B,40,15.17321560703921,8.968807292632384,13.17358695652174,22.319021739130434,16.301339285714285,1.8101970203037405,70.41426075910115,1.658448984851401,2.6969444444444446,41.65083333333333,13.35021444649805,1.03325459487488,0.9777428643297259,1
0260X,936,13.484051923968474,7.496415094339622,11.134510869565217,21.33818525519849,14.061996336996335,2.4297443420945863,69.85790449698655,1.9869630778355676,2.431111111111111,41.76,13.841770160858868,1.2324857225674333,1.094257178205305,0
0281Y,45,17.728594249201276,11.46439114391144,15.588677536231886,25.116696914700544,18.654578754578754,1.5680054769511638,71.6188954815153,2.726243724326791,2.805,41.676944444444445,13.652305770789104,0.9431295185945852,1.3154006818294013,1
0284X,14,16.161501214862604,9.53108925869894,13.924689440993788,23.348078590501053,17.20088587910791,1.4419235144553784,72.25609211663206,2.147991234477721,3.0308333333333333,41.80777777777777,13.816989331802114,0.8927860543361611,1.146764546077875,1
0294B,51,16.48384825967931,9.501424050632913,14.577950310559007,24.473757763975154,17.260596546310833,1.858575844749829,69.69808369182635,2.0459738824583362,3.042222222222222,41.967777777777776,14.972333713342241,1.0503235444291306,1.1138206800627155,1
0312X,851,11.559382986491421,4.717420814479638,9.624922360248448,19.399007092198584,11.910247592847318,2.5984243733590655,76.21496691930234,1.450346841913107,2.364444444444445,42.25833333333333,14.681586277718946,1.2804960755878878,0.8962295826646126,0
0320I,1151,11.641590326126787,6.034031791907514,9.776275862068964,19.02259259259259,12.035007849293564,2.5743022121656316,62.34383475553136,1.9261634298277757,2.102777777777778,42.316944444444445,12.988560800685077,1.273769971686605,1.0736921553880256,3
0321,731,12.63998508019396,5.60105421686747,11.512606232294619,21.274061990212072,12.893696275071632,2.6628683327116747,63.80361805296531,1.9269919552999437,2.167222222222222,42.22277777777778,15.673007773344601,1.298246537944975,1.0739752592604452,3
0324A,675,12.924940965025167,5.59051282051282,11.74397740992104,21.625797381315763,13.150796793932903,1.8554678569178569,69.57467481775284,1.5344064657033452,2.196111111111111,42.19138888888889,16.035284560802943,1.049235702508158,0.9299594738118561,1
0341,611,13.402394799863153,6.10124481327801,11.60625,21.702989130434784,14.077472527472526,1.8623845364351694,70.54601436879918,1.6788744440643175,2.2266666666666666,41.84666666666667,15.601744317156774,1.0516550314502802,0.9853967227468794,1
0341X,607,13.754773074533402,6.547858304830878,11.991744548286606,21.96323529411765,14.81113320079523,1.8166847081049975,67.78328981723237,1.635987815491732,2.2225,41.846944444444446,15.41537698928677,1.035560557924837,0.9692579942819798,1
0349,578,13.60394268098152,6.0101336135426005,11.908684210526317,22.405970149253733,14.309767441860462,1.66374426307862,67.24975845410628,1.3698254082922632,2.3175,41.92611111111111,16.395836535711133,0.9797327507272425,0.8628162850462339,1
0360X,337,14.082774001699235,7.131465517241379,12.445186335403726,22.11917808219178,14.80274725274725,2.2842557033458415,75.71495327102804,0.7223882757112818,2.551111111111111,42.05277777777778,14.987712564950401,1.189140051940789,0.5437118600959878,0
0363X,810,12.941682091312247,6.670686070686071,10.661847826086957,20.446965011585572,13.280219780219781,2.5315868263473056,71.6909169440515,1.775073661895993,2.513333333333333,41.880833333333335,13.776278940899502,1.2617472958161406,1.020677291673475,0
0367,143,16.362055004810447,9.058224296836771,14.156195652173913,24.446346153846154,16.995604395604392,2.141840796019901,70.15187407141025,2.907189054726368,2.763333333333333,41.91166666666666,15.388121857009383,1.1448088689188403,1.3628182036215533,1
0370E,76,17.132496576905524,9.971915285451198,15.197554347826086,25.385960144927534,17.868474264705885,2.0096759470561385,66.27818347786399,1.3501369237790963,2.819444444444444,41.97222222222222,15.414044859476336,1.1018324141798252,0.8544735918966162,1
0372C,157,15.468136306658701,8.885147601476016,13.557818532818532,24.355459865523056,16.48665297741273,2.070484031936128,65.03538552155054,1.5426397205588822,2.763611111111111,42.10444444444445,15.47031226404704,1.1218352142970407,0.933202801436122,1
0385X,1,16.892847349177334,10.66029684601113,14.848366606170599,23.974094202898552,17.9496336996337,1.3451553930530165,70.08683729433272,2.4881170018281535,3.2013888888888893,42.053888888888885,13.313797356887422,0.8523516653970187,1.2493620495862505,1
0394X,350,14.587551299589604,7.269429097605894,12.813949275362317,22.887137681159423,15.267765567765565,2.5931984968657704,72.55905152758778,1.2160966712266301,2.4719444444444445,42.21055555555556,15.61770858355353,1.2790427520453669,0.7957473921332725,0
0411X,2,16.407683486238533,9.57509328358209,14.712159709618874,23.89945652173913,17.25988909426987,1.513394495412844,73.44128440366973,2.379197247706422,3.093055555555556,42.22472222222223,14.324363238157039,0.9216342281005607,1.2176381806086016,1
0413A,355,15.353374006237882,8.579416839563775,13.341226708074535,23.141978193146414,16.045996860282575,2.1780205683454756,67.85700197238658,1.6256410256410256,2.7555555555555555,42.386944444444445,14.56256135358264,1.1562585401972543,0.965325066475761,1
0421E,100,17.011567261022602,10.261524518729738,15.213816037485307,24.800106703935743,17.911761462631425,2.0288159525620433,63.011329758514236,2.5412149120315375,3.006111111111111,42.39,14.538582185206005,1.1081717684169363,1.2644698637567169,1
0421X,100,17.187557992408266,10.391958041958041,14.972363636363635,24.830392156862747,17.85949764521193,1.6997891185153944,62.67102488401518,2.9086461408688318,3.006111111111111,42.39,14.438434114904705,0.9931736657064297,1.363191058504718,1
0429X,45,17.54994122257053,10.490822784810126,15.631211180124224,25.529439252336452,18.45559936908517,1.6328369905956113,64.76409875223014,2.0581896551724137,2.960277777777778,42.259166666666665,15.038616467526326,0.9680619684554694,1.1178231249337873,1
0433D,75,17.492410459366337,11.330461350397682,15.163188774257758,23.92503830051895,18.59563522299446,2.06077617159031,78.7886672804541,2.4619234348649526,3.315555555555556,42.31916666666667,12.594576950121267,1.1186685346468588,1.241824340641449,1
1002Y,183,14.307352573770292,7.900968309859155,12.584153005464481,20.944565174759482,15.442857142857143,4.194291845493563,74.69475926790057,0.8896752793760586,-1.5430555555555554,43.13583333333333,13.043596864900326,1.6475603006288166,0.63640500445661,0
1010X,54,14.806395975565936,9.046408450704226,13.534986413043478,20.790714285714287,16.119309262166404,5.634671709145978,77.72403880704276,1.1241286381602587,-1.6758333333333333,43.27861111111111,11.744305835010062,1.892309187908363,0.7533616656513442,0
1012P,120,15.611785434612372,10.65860979462875,14.109782608695653,20.75373831775701,16.874015748031496,5.188720753095629,75.50587314017228,1.5180037232107837,-1.7966666666666666,43.32638888888889,10.095128523128258,1.8227284018646162,0.9234664142591812,0
1014,4,15.793354182955435,10.144707740916273,14.597670807453415,21.456832298136646,16.889638932496077,5.257134480062549,73.38193901485536,2.97756059421423,-1.7922222222222222,43.35694444444445,11.312124557220374,1.833722329523402,1.3806687153599573,0
1014A,4,16.219507427677872,10.527330173775672,15.072049689440997,21.897826086956524,17.295290423861854,5.487666145426115,73.16340891321344,2.9526778733385455,-1.7922222222222222,43.35694444444445,11.370495913180852,1.8699028582490247,1.374393291831097,0
1021X,165,14.98712715855573,9.535087719298245,13.704354587869362,20.417236024844723,16.16419558359621,5.387867511043302,79.25902668759812,1.5277080062794348,-1.8788888888888888,43.21388888888889,10.882148305546478,1.85440048985016,0.9273129657683679,0
1021Y,305,13.061517984982679,6.594475138121547,12.237238493723849,18.728661042820452,13.424275362318841,6.848514431239389,85.52866406467996,1.5961471278387516,-1.7977777777777777,43.21222222222222,12.134185904698905,2.0603242694572272,0.95402847205821,0
1024E,250,14.51102423768569,9.621642969984203,13.049068322981366,19.398447204968946,15.906593406593407,4.635926505082096,77.75723221266614,4.181235340109461,-2.041111111111111,43.30638888888888,9.776804234984743,1.7291615536891831,1.6450435104855397,0
1025A,255,14.623892188213796,8.227306273062732,13.45136612021858,20.865579710144925,15.842307692307692,3.056509821836455,75.87231612608497,1.030721790772042,-2.256666666666667,43.01555555555556,12.638273437082193,1.4003229541088842,0.7083912918131943,0
1025X,255,14.409522878373094,8.324960505529226,13.129270186335404,20.461257763975155,15.633883647798742,3.308095424325381,77.45913179507235,1.5411028549080954,-2.2319444444444447,43.05472222222222,12.136297258445929,1.4604959095421803,0.9325981816408467,0
1026X,290,14.303464799115371,8.621688500727803,13.15726902173913,20.261297709923664,15.633543307086615,3.5273866568374492,77.7183929229635,1.9343715444157759,-2.1841666666666666,43.05805555555556,11.63960920919586,1.5101448760804976,1.0764933057919106,0
1033X,520,13.039047805642634,7.317862838915471,11.62049689440994,18.890062111801242,14.189246467817899,4.91532131661442,78.82131661442006,1.4857613128363076,-1.9508333333333328,43.085,11.572199272885772,1.777545818290435,0.910578975943344,0
1037X,460,12.990648148148148,7.396724890829694,11.706749311294764,19.054230769230774,14.299607535321819,3.6306666666666665,77.82555555555555,1.911857129940981,-2.3372222222222225,43.05166666666666,11.657505878401079,1.532700846213718,1.068791066610567,0
1037Y,420,12.781507153705144,7.0987645348837205,11.641146070831434,18.97309778266664,14.018708053691274,3.7607556497933112,74.85129985797458,1.5232344102178812,-2.3175,43.080000000000005,11.874333247782918,1.5604064056004656,0.9255415746645126,0
1038X,180,14.517027162977866,9.118982387475537,13.522504537205082,20.173991507430998,15.927912087912087,4.504728370221327,77.07771629778672,1.1920523138833,-2.2672222222222222,43.1725,11.05500911995546,1.7056074265814876,0.7848382346236582,0
1041A,28,15.88947644576425,11.260838150289016,14.610020437844272,20.93304883693186,17.209974728469398,3.1333823529411764,77.70845218205545,3.221259451286577,-2.2511111111111117,43.30222222222222,9.672210686642844,1.4190960434550999,1.4401335316932984,0
1044X,617,12.35686600221484,6.545676274944568,11.003695652173912,18.371136363636364,13.669010989010989,4.557909827482779,77.89147286821705,2.405127932532297,-2.5897222222222225,43.05777777777777,11.825460088691795,1.7152221072741254,1.2252825108581626,0
1048X,308,13.051910507792861,7.45899814471243,12.401708074534163,19.43133484162896,14.737637362637363,3.309653092006033,77.9281045751634,1.6581194186542974,-2.4658333333333333,43.025,11.97233669691653,1.4608574117825077,0.9776188872932193,0
1049N,470,13.046395563770794,7.387857142857143,12.208695652173914,18.831662269129286,14.610439560439563,4.548182378311768,80.9445471349353,1.376524953789279,-2.4958333333333336,43.138333333333335,11.443805126272142,1.713470374715417,0.8656393172437216,0
1050J,119,14.23715181759459,9.377253706437289,13.28320639513197,19.724572058866276,15.901082822934232,4.22519422863485,75.80791144189105,1.4742340234501348,-2.413333333333333,43.20916666666667,10.347318352428987,1.6534919701044468,0.9059308626454479,0
1052A,150,15.019408502772643,10.405,13.706521739130435,20.012664907651715,16.803846153846152,3.6013676943189172,75.82316697473814,2.7464879852125694,-2.397222222222222,43.31722222222223,9.607664907651715,1.5263535841547133,1.3208188638806306,0
1055B,12,15.664622124863088,10.482464454976304,13.905434782608697,20.820408163265306,16.228571428571428,1.796276013143483,85.16429353778751,3.717141292442497,-2.5102777777777776,43.37694444444445,10.337943708289002,1.0282885366465153,1.55120295773151,1
1056K,45,14.706948640483384,9.807086614173228,13.47228260869565,20.16496815286624,16.025494505494507,4.1395266868076535,80.61581067472306,2.289400805639476,-2.6711111111111108,43.3425,10.357881538693013,1.6369609909483895,1.1907054222448885,0
1057B,93,15.14959445287309,10.704724369567865,13.545580883063966,19.964675963807203,16.812288187050108,3.706531567235304,76.47041092940403,4.894860813704497,-2.7527777777777778,43.45388888888889,9.259951594239338,1.5489512391398328,1.7740809228038066,0
1059X,81,14.954413841525604,10.252290711859972,13.375559062887591,19.962737176624724,16.174325034961143,3.3389226519337014,78.84598416662747,2.7215745856353593,-3.0216666666666665,43.375,9.710446464764752,1.4676260804148034,1.3141468544375927,0
1060X,240,14.382983576642335,8.196863468634687,13.009782608695652,20.57228260869565,15.654761904761905,2.6016879562043793,73.87363138686132,1.8358804744525548,-3.0055555555555555,43.05027777777777,12.375419140060965,1.2814026122971602,1.0423524619610423,0
1064L,270,14.447202925045703,8.561746987951807,13.193478260869567,20.042045454545455,15.521300138312586,3.5012431444241314,75.13546617915905,1.1534207144287902,-2.8602777777777777,43.09638888888889,11.480298466593648,1.5043536129415502,0.7670576077591714,0
1069Y,747,11.522562929061785,5.716789667896679,10.338532110091743,17.229710144927534,12.697802197802197,4.9668897934889324,83.09977116704806,2.4660968641068566,-2.6441666666666666,43.09916666666667,11.512920477030855,1.7862258190362075,1.2430291378466036,0
1074C,100,14.651760402377686,9.203683241252303,13.477173913043478,20.044688644688645,15.864468864468865,3.887974394147234,78.85550983081848,1.8905349794238684,-2.706111111111112,43.20277777777778,10.841005403436341,1.586777983342323,1.0614415989803585,0
1078C,210,14.193428258488499,8.435365853658537,12.912173913043478,20.003913043478263,15.321868131868131,3.3184797155873165,76.03477546549836,1.7203320400215745,-3.2097222222222226,43.18055555555555,11.568547189819727,1.4629034226303363,1.0007539463948816,0
1078I,208,13.922136546569075,8.868222582538909,12.753226269823806,19.481276159200522,15.232594684503036,3.1539564535547457,69.89448315477786,1.3741247816360156,-3.104722222222222,43.20333333333333,10.613053576661613,1.424061242383746,0.8646288565736426,0
1082,42,15.58665754361957,10.441770401106501,14.095788043478262,20.826902173913048,16.905631868131866,3.4745466985973317,72.63137187820732,3.119278138898392,-2.906388888888889,43.29805555555556,10.385131772806547,1.4984050501931605,1.4156779390052994,0
1083B,177,15.031569343065694,10.078765060240965,13.433695652173911,19.926420454545454,16.228983516483517,3.791899195430635,79.01386861313868,1.4500729927007299,-3.168611111111111,43.27972222222222,9.847655394304489,1.5669268245799173,0.8961178170519082,0
1083L,45,15.638934135977337,11.296783625730994,13.85257660167131,20.109943977591037,17.136581920903957,3.0652089235127478,80.03558781869688,3.093201133144476,-3.233888888888889,43.39472222222222,8.813160351860043,1.402465137377153,1.4093273370662687,0
1089U,80,14.548493150684932,9.122906793048973,13.403493788819873,20.009627329192547,15.581309148264983,4.043131115459883,79.11487279843445,1.1863405088062622,-3.4708333333333337,43.255833333333335,10.886720536143574,1.6180271422529156,0.7822291456046814,0
1096X,10,14.520369017172087,10.071056439942113,13.16100543478261,19.359583952451707,15.804788069073785,3.3836134453781517,79.88710266715381,2.235111435878699,-3.4697222222222224,43.39666666666667,9.288527512509594,1.477873371802449,1.1740633743081745,0
1103X,849,11.637072503419974,6.8,9.958695652173914,16.12391304347826,13.608241758241757,6.31473020474147,80.69083447332422,4.10328317373461,-3.721111111111111,43.2275,9.32391304347826,1.9898901513232141,1.6298840921617905,0
1109,3,15.478240262050505,10.889038627181199,14.084709602170689,20.256425369617176,16.616775851629683,3.718041438623925,74.47763397246648,3.201336037832551,-3.8255555555555554,43.42388888888889,9.367386742435977,1.5513937640380366,1.4354025789507396,0
1109X,3,15.154964816262705,10.451500789889414,13.701552795031056,20.089130434782607,16.309890109890112,3.5141907740422202,77.2017200938233,3.5887607505863954,-3.8313888888888887,43.42861111111111,9.637629644893194,1.5072259402498003,1.523609998639869,0
1111,52,15.211898625429555,11.432724252491694,13.610350318471337,19.509057971014492,16.876373626373628,3.2806295687884686,77.53994845360825,4.109577870758816,-3.800555555555556,43.49111111111111,8.076333718522799,1.4541000942875457,1.6311167923412748,0
1111X,51,15.422028928850665,11.488941548183254,13.674922360248447,19.558850931677018,16.914442700156986,3.264972634870993,78.27521501172791,4.620992963252541,-3.800555555555556,43.49111111111111,8.069909383493764,1.4504357647146162,1.7265083321516115,0
1124E,196,13.90281690140845,9.08041074249605,12.493944099378883,18.867934782608696,15.103385826771653,3.792843210391319,78.39241001564945,2.0087636932707356,-3.849444444444445,43.24555555555556,9.787524040112647,1.5671238074353278,1.101529261254181,0
1135C,460,12.298831263696128,6.991842900302116,10.867391304347827,17.6796875,13.1875,3.319065010956903,83.38677867056245,1.2075785244704162,-4.214166666666667,43.14694444444444,10.687844599697884,1.4630389461822282,0.7918962245373488,0
1152C,105,14.6092795614722,9.648499210110584,13.22996894409938,19.665156250000003,15.853689167974881,3.4584964761158967,77.02310101801096,1.635904463586531,-4.048611111111111,43.27194444444444,10.016657039889418,1.4948115962181205,0.9692263730345053,0
1154H,110,15.001037588097104,10.550631911532385,13.512500000000001,19.553338509316767,16.33443917851501,3.4298431619500587,77.3404463586531,3.347200469851214,-4.0275,43.35861111111111,9.002706597784382,1.4883641798073097,1.4695320677712833,0
1159,38,14.747094621122889,10.478751974723538,12.959409020217729,19.41372239747634,16.14850863422292,2.7951859388619353,81.71947389085199,2.789517078916372,-4.392222222222222,43.39333333333333,8.934970422752803,1.3337334053948864,1.3322385911647576,0
1167B,1100,11.343210659898476,5.9337719298245615,9.62550274223035,17.154344262295083,12.09387755102041,4.0008715190411115,71.8669627749577,0.9895504209704521,-4.812777777777778,43.14388888888889,11.220572332470521,1.6096122010531788,0.687908694102509,0
1167G,1910,6.320951913640824,1.2567901234567902,3.3263586956521736,12.598431372549017,6.857566765578635,3.9150932790688806,75.7630029440628,6.055259745371855,-4.803055555555555,43.155,11.341641249092227,1.5923107318664231,1.9537734018307056,0
1167J,1722,6.6609793814432985,2.1990494296577947,4.202717391304348,13.30056179775281,7.947826086956522,3.3262684987676914,73.74742268041237,3.470154639175258,-4.773888888888889,43.08916666666667,11.101512368095015,1.464705391894176,1.4974230029208815,0
1174I,250,13.988403944485025,7.839728096676737,12.404587869362363,20.15049645390071,15.011126373626373,1.918845872899927,71.70124178232287,1.9298575602629655,-4.601666666666667,43.18277777777777,12.310768357223974,1.071188289141839,1.0749538076025436,1
1176A,940,11.68754894283477,7.2737756714060025,9.980343213728549,16.373328149300153,13.061616954474097,3.7569520796741265,73.75127785016753,2.1266515106763784,-4.668333333333334,43.255833333333335,9.09955247789415,1.559607143755118,1.1399626270066265,0
1178R,1236,9.339004077297494,5.188715953307393,6.9484567901234575,13.40561797752809,10.496572621404667,3.6025224772123696,76.14075415751566,2.8913099792083967,-4.736666666666666,43.2375,8.216902024220698,1.526604517809503,1.3587458565214858,0
1178Y,953,10.348083623693379,4.130082987551867,8.880652173913044,16.573128598848367,11.133516483516482,3.249368159232629,78.63787954206073,2.589311565923593,-4.931666666666667,43.14527777777778,12.443045611296501,1.446770303468229,1.277960419744363,0
1179B,458,13.851536595228467,9.111996779388083,12.471496815286624,18.889320388349514,15.000990099009899,3.3666121682845014,79.58269308532147,2.7557420137484834,-4.852777777777778,43.31111111111111,9.777323608961431,1.4739874609155794,1.3232858725515542,0
1183X,10,15.26064367816092,11.313468634686346,13.592934782608694,19.594814814814818,16.590573012939,2.9949206330005023,73.06114942528735,2.6887126436781608,-4.748055555555555,43.42027777777778,8.281346180128471,1.3850237124377915,1.30527752012869,0
1186P,370,14.33469591226321,9.302494802494802,12.97782608695652,19.184778420038533,15.300732600732601,3.066048677651633,78.1345962113659,1.4677966101694915,-5.119166666666667,43.266666666666666,9.882283617543731,1.4026716870114313,0.9033256918568661,0
1199X,280,13.778706697459585,8.771164510166358,12.46715063520871,19.063251879699248,14.925415896487985,3.3782441307976363,81.57482678983834,1.200785219399538,-5.396666666666667,43.37777777777778,10.29208736953289,1.4766477606335962,0.7888142145931062,0
1203D,30,14.44611570247934,10.32538802660754,12.667483296213808,18.872717391304345,15.810549450549448,3.0692056147194897,84.64848484848486,2.2420936639118456,-5.247222222222223,43.49222222222223,8.547329364696806,1.403447799745678,1.1762193136771055,0
1207U,26,14.473340647284695,9.790243902439025,12.903913043478262,19.441304347826087,15.687389380530975,2.9052085962394587,78.47284695556775,2.078442128359846,-5.621111111111111,43.52305555555555,9.651060445387062,1.3623111995959485,1.1244236665436884,0
1208H,5,15.74317607413648,11.592657342657343,13.814311594202898,20.070962479608482,16.976923076923075,2.8226832350463353,76.5155855096883,3.247995496184143,-5.700833333333334,43.55972222222222,8.478305136951139,1.3409525935901334,1.4464472237187704,0
1210X,100,14.787844489615342,11.020186174546648,12.882804556440464,18.97571439790822,16.137092074823688,2.435117537349595,80.85589155705271,3.9923448139543787,-5.848611111111111,43.65583333333333,7.955528223361572,1.2340511426579284,1.6079057019898442,0
1212E,127,14.177859507171753,10.407742402315485,12.60258152173913,18.519770992366414,15.623076923076923,3.1905813302431083,78.54045605001839,3.422066936373667,-6.0441666666666665,43.566944444444445,8.11202859005093,1.4328394666116813,1.4866072194472537,0
1221D,1480,7.385751713018943,2.6603369065849924,5.823743016759777,13.39864636209814,8.63426103646833,4.592708778458346,74.49905731050771,2.864135383536075,-5.776388888888889,42.97861111111112,10.738309455513146,1.721463745550927,1.3517379528835025,0
1223P,370,13.52296397807361,8.187917329093802,12.197981366459627,19.142236024844717,14.449529042386184,2.4575319747853257,78.00548159749412,1.6620007830853563,-5.822777777777778,43.132777777777775,10.954318695750915,1.2405550324634937,0.9790780141446859,0
1226X,750,11.596956427505896,6.648914616497828,10.305385963036564,17.543129770992365,12.334449255472132,3.707713905392738,77.09213480213602,1.4502795017302057,-5.476944444444444,43.09527777777778,10.894215154494537,1.5492024197930436,0.8962021003885999,0
1234P,170,14.726637726913971,9.840873015873015,13.384161490683232,20.04406099518459,15.715384615384613,2.80847709599117,77.9542225730071,1.012549329123915,-5.819166666666667,43.275,10.203187979311576,1.3372293968940636,0.6994022413761032,0
1249I,336,13.713829301688726,9.092606284658041,12.246376811594203,18.73514492753623,14.69981684981685,3.282998630762209,78.45778183477864,2.02925645708173,-5.874166666666667,43.35333333333333,9.642538642878188,1.4546533789418938,1.1083171957049172,0
1249X,334,13.913218615565114,9.329272151898735,12.445652173913043,18.895341614906833,14.90800627943485,3.2682831443097378,77.68635119280407,2.1981228001564332,-5.87388888888889,43.35333333333333,9.566069463008098,1.4512116724549906,1.1625640127228285,0
1272B,280,13.735314822057097,8.135917721518986,12.276630434782609,19.829037267080746,14.604788069073784,2.9024362955837666,78.34649980445835,1.3162172699730297,-6.386666666666667,43.290277777777774,11.69311954556176,1.3616010492726147,0.8399353679069219,0
1276F,670,12.119951377633713,7.362212276214834,10.712922705314009,17.961244979919677,12.837156593406592,2.925769854132901,78.29578606158833,1.2663976094268172,-6.256944444444445,43.1,10.599032703704843,1.3675624731815623,0.8181916147448812,0
1279X,240,13.887977229972575,9.69939931186101,12.474552957359009,18.83473926380368,14.971990237568361,3.5115641215715345,80.34655300222387,1.8098406226834691,-6.230833333333334,43.425,9.13533995194267,1.5066439052676377,1.0331277638308944,0
1283U,60,14.469307123394318,11.305433070866142,12.786351165980795,18.431114808652246,15.884685430463577,2.092635142812758,74.57434799532892,4.628816798869079,-6.47,43.56916666666667,7.125681737786104,1.129023524511656,1.7278992600061012,0
1297E,1020,11.374853896103897,6.339460154241646,9.659492140266021,17.62697456492637,12.289423076923079,3.9461264536639913,68.79402910266666,2.0648538961038962,-7.0175,42.76861111111111,11.287514410684725,1.5986047356272284,1.1199998997703966,0
1302F,1310,9.237639405204462,3.957228017883755,7.636932599724897,15.663969465648858,10.01883830455259,4.381564045520302,74.57509293680297,1.5587447959236245,-6.4725,42.95527777777778,11.706741447765102,1.6829790467050647,0.9395168241558761,0
1309C,780,12.523841853035144,7.292730210016154,10.901326053042121,18.559390048154093,13.357890499194847,3.1749683481583175,73.8951677316294,3.222164536741214,-6.885,43.0275,11.266659838137938,1.429106776994636,1.4403479199460707,0
1327A,410,13.052272727272726,9.117265725288831,11.623231707317073,17.430476190476192,14.460013812154696,3.3910786326572047,82.94964028776978,2.6336821451929366,-6.673333333333334,43.46555555555556,8.31321046518736,1.4795748991070568,1.2902464992230809,0
1331A,40,14.598750411048998,10.880759330759329,13.082649318896262,19.082791757479693,15.834689655172411,2.773988819467281,74.90924038145347,2.4120355146333443,-7.0313888888888885,43.52472222222222,8.202032426720365,1.3281324844266764,1.2273090383189151,0
1341B,340,12.990555555555556,9.218245838668375,11.516523341523342,17.26010854816825,14.363324175824175,3.4169873332305336,86.55245098039215,3.987222222222222,-7.061111111111111,43.41555555555556,8.041862709499876,1.4854578648789063,1.6068790858724324,0
1342X,43,14.555458249187017,11.121609644560534,12.935960044395117,18.60661501787843,15.854868913857677,2.6200645350542677,79.60949324803254,3.1072895277207393,-7.083055555555555,43.54055555555556,7.485005373317895,1.2864918530418314,1.4127633286476438,0
1344X,125,13.859362549800798,9.972855313700384,12.684420289855073,18.61377840909091,14.805150214592274,3.3871845949535193,80.72509960159363,3.248619989162704,-7.361666666666666,43.43138888888889,8.640923095390525,1.4786876990178952,1.4465942217748227,0
1347T,80,14.865461227099388,11.404624781849913,12.834057971014492,18.772920065252855,15.983949575204651,2.6930031270420636,79.93344414411565,4.3861801030427925,-7.357222222222222,43.65111111111111,7.368295283402942,1.3064399826185278,1.6838364329396516,0
1351,90,14.660223056283977,11.792441860465116,12.972007255139058,18.227590847913863,15.989786202192573,2.219110363993264,78.55818935336646,8.113128599510125,-7.685,43.78611111111111,6.435148987448747,1.1691050369085887,2.209716077069214,0
1354C,4,15.153127829487936,11.370813861431527,13.672187499999998,19.454411764705885,16.303796296296294,3.5485701384737407,77.59948242830477,3.2538762572959694,-8.262222222222222,43.47638888888889,8.083597903274358,1.5148129282938245,1.4478306278020667,0
1363X,343,12.991392971340128,8.444179907995883,11.741949152542373,18.148994638069706,13.989521345700574,5.002424698451873,80.64569290985105,2.228558875050009,-7.861388888888888,43.44583333333333,9.704814730073823,1.7921635040036568,1.172035868956521,0
1387,57,15.411529250769757,11.935408022130012,13.914266304347825,19.117663043478263,16.630631868131868,3.0066883339035235,76.48443380088949,3.571484775915156,-8.421388888888888,43.365833333333335,7.182255021348251,1.3879650482205503,1.519838048400274,0
1387D,132,15.034659232474016,11.61997146932953,13.325044105554074,18.702333841106807,16.37924719127079,2.723977630199231,78.86807363900772,4.086490737504369,-8.441944444444445,43.36333333333334,7.082362371777277,1.314792352468538,1.6265881502541109,0
1387E,98,14.362353171495691,10.463428120063192,12.69192546583851,18.737111801242236,15.50995260663507,3.0532323111434576,76.86589663273297,3.6142521534847294,-8.371944444444445,43.30694444444444,8.273683681179044,1.3995146643216883,1.529149807908244,0
1390X,98,13.684986082115518,9.869703703703705,12.104081632653061,17.95047554347826,14.50625,3.5421738943822034,83.03897007654837,2.825315410976154,-8.71111111111111,43.20361111111112,8.080771839774554,1.5134057288118212,1.341640924264751,0
1393,50,14.281004873944537,11.446330807127854,12.954737762237762,17.43888923254168,15.573104434907007,3.363937921933271,78.32354320547775,6.8089942300213275,-9.210833333333332,43.160555555555554,5.992558425413826,1.473374842831442,2.055276175791973,0
1399,287,13.46401644962303,9.539404432132965,12.040816326530612,17.774863760217983,14.448143053645119,5.931748703543953,85.92837559972584,3.1509179788546535,-9.046944444444444,43.0575,8.235459328085017,1.9361121195436202,1.423329509505568,0
1400,230,14.328991596638655,11.057065217391305,12.780054644808743,17.644475138121546,15.648508634222921,2.720144895457114,79.76744610887833,6.661719502194434,-9.29138888888889,42.92472222222222,6.5874099207302415,1.3137626179182058,2.0362364366543306,0
1406X,340,13.336316872427982,8.964435146443515,11.940408163265307,18.145652173913046,14.189285714285715,7.01824846091061,84.18844307270233,2.8479691884884057,-8.993611111111111,42.93527777777778,9.18121702746953,2.081720001631272,1.34754552562182,0
1410X,500,12.49574800416522,7.756240822320118,10.997418478260869,17.71834239130435,13.164079670329672,4.178282008577768,82.333911836168,1.9854129558119227,-8.022222222222224,43.03777777777778,9.962101568984233,1.6444733426848022,1.0937380809315498,0
1428,370,13.773722627737227,9.05436746987952,12.315217391304348,18.86349431818182,14.446428571428571,4.205569739189737,78.85180151307041,2.922080291970803,-8.410555555555556,42.88805555555555,9.809126848302302,1.6497291560554417,1.3666221997652146,0
1435C,128,15.022756670799915,10.58658027115558,13.708831521739132,19.822933884297523,15.878434065934066,4.731065994878707,81.36039746442952,1.2012594893029676,-8.876111111111111,42.80027777777777,9.236353613141944,1.7459015509244653,0.7890296916891597,0
1437O,685,12.62563070562201,8.213028169014084,10.220841121495324,17.830742537590538,15.113888888888884,5.043462433652483,70.5356125910545,5.336800894854586,-8.923333333333332,42.72055555555556,9.617714368576454,1.7989770983060775,1.8463740503834554,0
1442U,10,15.240122977619816,10.518515950069348,14.165368567454799,20.419871459504783,15.762534818941504,4.31417704011065,76.1945272906148,2.69205312014741,-8.892222222222221,42.64388888888889,9.901355509435435,1.6703781625731504,1.306182704442683,0
1446X,680,12.76135276655914,7.569074766158102,11.186361127147471,18.610301327375055,13.635576923076924,3.1443605223499023,78.03415406602008,2.420737461316591,-7.768333333333333,42.80972222222222,11.041226561216952,1.4217484998095795,1.229856159793199,0
1455I,645,11.837524455928031,6.849684044233808,10.089404389918844,17.625,12.635164835164836,3.7193917216791768,78.14206984157907,2.0176404152793452,-7.953888888888889,42.71111111111112,10.775315955766192,1.5516799187670884,1.1044752065537349,0
1465U,463,13.046210779387478,8.29985549132948,11.456267029972748,18.646474549392984,14.111360000000001,3.423764873308167,77.65429697759343,2.4390517184941096,-8.1925,42.66555555555556,10.346619058063505,1.4869911148212296,1.2351957701547587,0
1466A,435,14.382289648058679,9.465710686668686,12.829037267080745,19.890095087163235,15.383962264150945,3.560416666666667,75.384324204004,2.008451257861635,-8.257777777777777,42.700833333333335,10.42438440049455,1.5174139936209263,1.101425414071749,0
1468X,269,14.389908232542089,9.249050632911393,13.080417906936432,20.00899452893629,15.189638932496074,5.729767101426017,79.58499853845053,2.263885692235288,-8.501944444444444,42.69361111111111,10.759943896024899,1.9065405370290103,1.1829184157273718,0
1473A,100,14.966262062918762,9.607,13.690983285134724,20.586226665094888,15.775069832402236,4.220560343647707,74.51631449093459,2.165278745644599,-8.627222222222223,42.73833333333334,10.979226665094888,1.652604741659809,1.152241123011803,0
1475X,240,14.699723960250276,10.016105417276721,13.522435020519838,19.81784107946027,15.71501572327044,4.69884063305116,73.94221567905778,1.1626794258373205,-8.555833333333334,42.87611111111112,9.801735662183548,1.740262756442062,0.7713479278674201,0
1476R,210,14.604079870627691,9.916504947994138,13.208406386033479,19.75272585669782,15.463443396226415,7.85262539184953,82.79997263760052,2.4605451966246474,-8.714722222222221,42.74972222222223,9.83622090870368,2.180714069472883,1.2414261479353828,0
1477U,36,15.867746350364962,11.075092250922511,14.607427536231883,21.149275362318843,16.559890109890112,4.163093065693431,73.84375,2.691937553289709,-8.769722222222223,42.58222222222223,10.074183111396332,1.6415358312422075,1.3061514024373526,0
1477V,32,15.732719741841086,11.176772793053546,14.761548913043478,20.987786575447778,16.47826771653543,4.143442925748061,76.97481181417646,2.5182674547469523,-8.774722222222223,42.58472222222223,9.811013782394232,1.63772268514322,1.2579686680836695,0
1484C,113,15.225878704341833,10.622902796271639,14.262922705314011,20.32930029154519,16.408320251177393,4.9380082701585115,75.70985527222605,2.0931254307374223,-8.615833333333333,42.43833333333333,9.706397495273553,1.7813737690921159,1.129182045980394,0
1486E,3,16.00522000821737,11.864278730963047,14.7835635359116,20.370877192982455,17.30152091254753,4.340387858347386,71.60262934233795,1.8065787152962813,-8.706944444444444,42.39611111111111,8.506598462019408,1.6752982829838035,1.0319662025023506,0
1489A,395,13.425749211356466,8.608939393939393,12.463945578231293,19.06957983193277,14.392673992673993,6.553568403415245,75.76971608832808,2.256742902208202,-8.45111111111111,42.40694444444444,10.460640437993378,2.0220200878175585,1.1807275861836894,0
1495,255,14.93414703637105,9.96935289758442,13.667779503105589,20.30272435897436,15.881240188383043,4.716752069373276,76.74750639064366,3.4205798986149873,-8.623888888888889,42.23861111111111,10.33337146138994,1.7434008240812193,1.4862708862654705,0
1496X,120,15.807205452775072,11.561189258312021,14.765338164251206,20.361879194630873,16.895110192837468,3.5338610613836767,75.07286595261279,1.5034079844206427,-8.724166666666667,42.230555555555554,8.800689936318852,1.511573907898049,0.9176529973373313,0
1505,442,12.708233387358185,7.538363171355499,11.496497584541062,18.47228915662651,13.725274725274724,3.121288503831575,79.13824959481362,1.976482982171799,-7.4575,43.11111111111112,10.93392598527101,1.4161658581157748,1.090742396199297,0
1518A,442,13.554191304347826,7.676246537396122,12.36135097493036,19.825210084033614,14.418030513176147,2.862736925053769,76.25478260869565,1.5937739130434785,-7.5525,42.998333333333335,12.148963546637493,1.3513759801624001,0.9531139244410145,0
1521I,403,13.403542094455853,7.485595567867035,12.214809782608697,19.60360054347826,14.206318681318683,2.4731690622861056,77.1858316221766,1.8282451840378535,-7.499444444444444,42.84527777777778,12.118004975611226,1.245067451611446,1.0396564430166084,0
1521X,1080,10.283985374771481,5.224163027656477,8.752108843537416,16.140680473372782,11.293249607535323,4.406097961543846,80.3475844790102,2.33327239488117,-7.185277777777778,42.86388888888889,10.916517445716305,1.6875275685823878,1.2039545226231776,0
1541B,958,11.319918032786884,5.064273504273505,9.945993031358885,17.912655279503106,11.637755102040817,3.547822154640894,69.4438524590164,2.128483606557377,-6.333888888888889,42.928888888888885,12.848381775229601,1.514648471042987,1.1405484164097495,0
1542,1530,8.093056217491867,2.903105590062112,6.085450488752833,14.121811594202898,8.643333333333333,2.930643864928986,74.44657667722238,3.8329117697462336,-6.414166666666668,42.994166666666665,11.218706004140785,1.3688032457772215,1.5754491369020258,0
1549,532,14.17105713308245,6.717289073305671,13.273641304347828,21.902309782608697,14.664697802197804,1.9432076187426217,64.85032500855286,1.696065685939104,-6.6,42.56388888888888,15.185020709303025,1.0795000133966175,0.9917935569739937,1
1561I,770,12.275610766045547,6.007863247863248,10.618399339933994,19.192224080267557,13.129872204472843,2.8714389421771656,68.77204968944099,2.6700869494792436,-6.673611111111112,42.76611111111111,13.184360832404309,1.3536262576179037,1.300215353742026,0
1583X,315,15.19341085271318,7.609068219633944,14.338202247191012,22.746894409937887,15.581989708404802,2.2338637290901673,64.70257037943696,1.9364079427817793,-6.993055555555555,42.41555555555556,15.137826190303944,1.1736776233129442,1.0771870461894562,1
1631E,840,11.990462107208872,6.031049562682215,10.87389502762431,18.681155015197568,12.766091051805338,2.9036813217079267,69.7637707948244,2.3324540427481115,-7.2825,42.339444444444446,12.650105452515353,1.361920036558166,1.2037089823524127,0
1639X,990,11.156134486826582,5.418799368088467,9.713828125,17.448973143759876,12.053218210361067,3.1957530475815967,75.5768777034998,2.473390161260762,-7.383611111111112,42.26027777777778,12.030173775671408,1.4340728345555505,1.245131108730781,0
1658,612,12.891899791231733,7.250670016750418,11.51053882725832,18.711778846153845,14.011325966850828,4.200918580375784,73.55386221294363,2.2324495442116796,-7.191666666666667,42.58861111111111,11.461108829403425,1.648835260058861,1.1732402226361556,0
1679A,291,14.255474882260595,7.652133333333334,12.955693581780539,21.203110419906686,15.036635220125785,2.209957056329276,74.69937205651492,1.0267476319103257,-7.510833333333333,42.531666666666666,13.55097708657335,1.166257558961869,0.7064323564677405,0
1690A,146,16.115321477428182,9.41620626151013,14.932246376811591,23.253260869565217,16.757326007326007,2.414671122769791,69.13201094391245,1.2864569083447333,-7.859722222222222,42.32527777777778,13.837054608055087,1.2280811846575184,0.8270034178175573,1
1696O,610,12.312941762070682,6.743388429752066,10.660348583877996,18.29769230769231,12.93956043956044,6.218720214742605,79.95893479342956,2.135688428912015,-8.278055555555556,42.46805555555556,11.554303877940242,1.9766776816172922,1.1428487445268172,0
1700X,400,13.804311073541843,7.655241264559068,12.639749608763696,20.60896551724138,14.707326007326007,3.147020287404903,73.58516483516483,0.792318331981367,-8.092500000000001,42.421388888888885,12.953724252682312,1.4223900733200145,0.5835099393911152,0
1701X,112,15.859461924304608,9.065009208103131,14.746105072463768,23.076811594202898,16.44551282051282,2.7805919527166987,74.47264021887825,1.8373305021795774,-8.129166666666666,42.3,14.011802386099767,1.3298805986186049,1.0428636461086336,0
1706A,492,13.811462631820266,7.680320150659134,12.435688405797102,20.38496376811594,14.519322344322344,2.4499770747363594,70.39798257679963,1.8401903457164706,-7.796111111111111,42.18277777777777,12.704643617456806,1.2383675860172365,1.0438710730667666,0
1719,560,13.757838208409508,8.466758747697973,12.181718464351006,19.389492753623188,14.905311355311355,5.62573126142596,76.27330895795247,2.154878058954506,-8.281111111111112,42.21805555555556,10.922734005925214,1.890960744864127,1.1489498451525832,0
1723X,90,15.559977064220183,9.712924528301887,14.334057971014493,21.55217391304348,16.41703296703297,4.545229357798165,77.4084862385321,1.980842263872038,-8.492777777777777,42.18222222222222,11.839249384741592,1.7129379829402624,1.0922058994657027,0
1730E,55,16.08884324347036,10.926975376296465,14.805797101449274,21.44927536231884,17.07179487179487,4.494337899543379,73.78482241979621,2.2617880719576005,-8.8475,41.943888888888885,10.522299986022375,1.7037180891570327,1.182275533344424,0
1735X,616,12.031621036680809,5.654930313092517,10.651855670103092,18.705182341650673,12.661671539961013,2.136270506421894,69.15687534702778,2.4019900497512436,-7.733611111111111,42.07916666666667,13.050252028558155,1.1430343571934662,1.224360569146125,0
1738U,730,12.940069124423964,7.018968692449356,11.268584905660378,19.443659420289855,13.877798165137614,4.066652865673897,73.9463133640553,2.7161466071513076,-7.988888888888889,41.93416666666666,12.424690727840499,1.6226804153002594,1.3126872731204138,0
1740,150,14.337631458619114,9.925966850828729,12.912590579710145,18.900641025641026,15.602747252747253,4.175595926995526,80.53269318701417,2.327800640146319,-4.124444444444444,43.37722222222222,8.974674174812296,1.6439544874965886,1.20231161736247,0
2005Y,1197,10.600267528939822,3.914889660757628,8.74746376811594,18.41503623188406,11.228333333333332,3.069463578649546,68.7549632111657,2.3865369410170567,-2.7827777777777776,41.967777777777776,14.500146571126432,1.4035111919106655,1.2198078479307797,3
2017Y,1260,10.132421875,3.522283609576427,8.329379562043796,17.957142857142856,10.791483516483515,1.925784606681324,66.79273897058823,3.065165441176471,-2.494166666666666,41.99583333333334,14.434859247566429,1.0735626863139267,1.4024544411079958,3
2030,1081,12.160648148148148,5.140697674418604,10.504968944099378,20.566438356164383,12.862637362637363,1.7348188222512404,62.683712121212125,2.586910774410774,-2.483055555555556,41.775,15.42574068174578,1.0060651895302488,1.2772913235295225,4
2044B,1100,11.586241768579491,4.555268022181147,9.707142857142859,19.9868320610687,12.345274102079394,1.510912511759172,63.21123361891206,3.3822201317027285,-2.5075,41.60055555555556,15.431564038887554,0.9206462375768834,1.4775554753525781,4
2048A,978,11.694297445255476,4.2539594843462245,9.903811252268602,20.219202898550726,12.282051282051283,1.2450729927007298,64.12157846715328,3.492016423357664,-2.4202777777777778,41.41944444444445,15.965243414204501,0.8087380341181076,1.502301693004345,4
2059B,1042,11.78328975698948,4.324677716390424,9.91461824953445,20.420057610445834,12.308073394495413,1.227652733118971,63.865495840931,4.357487367937528,-2.783333333333333,41.34972222222223,16.095379894055412,0.8009484450689913,1.6784950905350091,4
2084Y,960,11.121921568627451,4.223847376788553,9.469626168224298,19.04727838258165,11.59937106918239,1.6058782031067675,68.1435294117647,2.938365391988067,-3.046944444444444,41.721944444444446,14.823431005793095,0.9577697405063609,1.3707657620954132,1
2092,932,12.25867006669282,4.821553090332805,10.465450310559007,20.905909797822705,12.714263074484945,1.812095982518225,61.36406433895645,3.436367202824637,-3.0869444444444447,41.589444444444446,16.0843567074899,1.0339301065516076,1.4898358439757973,4
2096B,1150,12.019097413318658,4.580957683741648,9.840043763676148,20.724617067833698,12.805726872246696,1.4102288127014873,59.17068299884669,4.074573472757292,-3.251388888888889,41.37361111111111,16.14365938409205,0.8797216860254222,1.6242424766190027,4
2106B,955,12.253270094857713,4.692187499999999,10.645604395604396,21.036326530612243,13.232087912087913,1.534148776834748,61.812531203195206,2.9825761357963056,-3.3819444444444446,41.74583333333334,16.344139030612244,0.9298577924227862,1.381928880207854,4
2117D,790,12.584437009714144,4.682371923706136,11.367080745341616,21.550514579759863,13.159157509157508,0.935233124532445,55.177194214530104,1.8934947368421053,-3.742777777777778,41.66583333333333,16.868142656053728,0.6602277970194237,1.0624650230710924,4
2135A,993,11.615252938170668,4.30506958250497,10.1596261682243,20.28771551724138,12.564175824175823,1.4521716913643332,64.69979560551864,3.1859734287174244,-3.507222222222222,41.37277777777778,15.98264593473641,0.8969740365705464,1.4317392763489614,4
2140A,1135,12.374840036563072,4.977716390423573,10.271454545454546,20.942468239564427,13.207077205882353,1.5938756855575869,63.20658135283364,3.852605118829982,-3.785833333333333,41.464444444444446,15.964751849140853,0.953153160905308,1.5795156986455545,4
2150H,1798,8.41391129032258,2.060048426150121,6.0903846153846155,17.543837535014006,9.239939024390244,3.0575828239595477,62.26142473118279,3.849159946236559,-3.475277777777778,41.19194444444444,15.483789108863885,1.4005874327576222,1.5788054829857996,3
2166Y,756,12.894008834897846,5.27688053097345,11.228478260869567,21.627702702702706,13.622197802197803,0.9782903929095589,62.39867476532302,2.7461750903561644,-4.124722222222222,41.59305555555556,16.350822171729256,0.6822330338047433,1.3207353435478915,4
2172Y,725,13.428166351606805,5.596272493573264,11.3567335243553,22.252469135802468,13.868918918918917,1.0874606175173283,64.10743541272842,2.2231568998109643,-4.405555555555556,41.61194444444445,16.656196642229204,0.7359483117049485,1.1703612829425298,4
2182C,1107,12.56795154185022,5.231567328918321,10.732934782608696,21.20636160714286,13.221758241758241,1.4861784140969163,58.618116740088105,2.922466960352423,-3.790277777777778,41.13388888888889,15.97479427822454,0.9107467580503265,1.3667207824799323,4
2192C,795,12.205287671232877,4.700995575221239,10.486521739130433,20.745196506550222,12.801538461538463,1.2663013698630137,62.31616438356164,2.54972602739726,-4.265555555555555,41.38361111111111,16.044200931328984,0.8181491501716732,1.266870425128098,4
2235U,1140,11.363573883161513,4.6811634349030475,9.486141304347825,18.818528610354225,12.386629526462396,2.008068586129444,63.16838487972509,2.728095292550997,-4.52,42.87055555555556,14.137365175451176,1.1012982070674908,1.315897457803258,3
2243A,910,10.852141982864138,4.328467153284672,9.280434782608696,18.40325814536341,11.927197802197803,1.294604309241156,72.44798041615667,2.560403916768666,-4.277222222222222,42.79805555555556,14.074790992078738,0.8305604143734528,1.2698739981943459,1
2276B,908,11.452445842068483,3.851436781609196,9.595652173913043,19.895165745856353,12.223512747875352,1.2194968553459118,67.99685534591195,3.1759608665269043,-4.575,42.56888888888889,16.04372896424716,0.7972805284609927,1.429344479494021,4
2285B,869,12.896433470507544,4.847777777777779,11.08532608695652,21.392349726775954,14.145054945054943,0.9917695473251029,66.32098765432099,4.402331961591221,-4.001111111111111,42.52388888888889,16.544571948998176,0.6890234633760832,1.6868307050912406,4
2290Y,771,12.303322908522283,4.799242424242424,10.672554347826088,21.095129870129867,13.653479853479853,1.0989835809225956,64.50351837372948,2.823768569194683,-4.198888888888889,42.25111111111111,16.295887445887445,0.7414532184746929,1.341236472749624,4
2296A,1039,12.166045548654242,5.311080332409972,9.931301939058171,20.008967391304346,13.26685236768802,1.2986887508626639,60.02657004830918,3.4976535541752938,-1.9766666666666668,41.77555555555556,14.697887058894374,0.8323388520409819,1.503555828377631,1
2298,1080,11.337146066969845,3.9522686308558703,9.301944444444445,19.804891304347827,11.877158774373259,1.7806340835303807,57.44901323420906,2.6653876982530935,-3.131666666666667,41.95972222222223,15.852622673491956,1.02267898929538,1.2989341137147155,4
2302N,1197,10.26758385394165,3.5928169014084514,8.185674931129476,18.327953890489912,11.169580569457741,2.6964919491283914,68.45658471819463,3.5442967109867043,-3.1097222222222225,42.146388888888886,14.735136989081461,1.307384248041157,1.5138729765992884,3
2311Y,884,12.213133498145858,4.977142857142858,10.541978021978023,21.11965699208443,13.377747252747254,1.2171199011124845,63.28955500618047,3.418016069221261,-3.767777777777778,42.10527777777778,16.14251413494157,0.7962090117664792,1.4856907422075312,4
2331,891,11.299682034976152,4.390909090909091,9.863315217391305,19.76864111498258,12.683882783882783,1.5931240063593006,68.34817170111288,4.449523052464229,-3.620277777777778,42.35694444444445,15.377732024073488,0.9528633289221986,1.6955280915363238,1
2362C,1575,9.593908472479901,3.5589285714285714,7.5839207048458155,17.571767810026383,10.757692307692308,2.2353405688555785,64.68790965320822,3.9603277674706248,-4.713611111111112,42.89388888888889,14.012839238597811,1.1741341987194545,1.6014718207048426,3
2374X,830,12.284823776959495,5.004123711340206,10.693836978131213,20.71712765957447,13.116027088036116,1.1833176060343307,65.7017359284587,2.117932602466003,-4.617222222222223,42.35083333333333,15.713003948234263,0.780845557610052,1.1371701547720736,4
2400E,874,11.764673242909987,4.57209026128266,9.843995633187776,20.717678100263853,13.178296703296702,0.9610857969655517,66.06011097410604,4.212422934648582,-4.602777777777778,41.99555555555556,16.145587838981193,0.6734982978968852,1.6510448022959283,4
2401X,736,12.78569667077682,5.555819477434679,11.11318082788671,21.697751322751323,14.001923076923076,1.1725537742566678,68.55517879161529,2.210943279901356,-4.560555555555555,42.00944444444445,16.141931845316645,0.775903330098106,1.1665647506415997,4
2422,734,13.7526395173454,6.12426614481409,12.09909420289855,23.06602972399151,14.685054945054945,1.4218200100553042,63.05781799899447,1.8546003016591253,-4.754166666666666,41.64083333333333,16.94176357917742,0.8845193277762486,1.0489318338882698,4
2430Y,1178,12.438767545209323,6.146161671647433,9.982155797101449,21.042127659574465,13.674201474201476,1.5857954545454545,57.19135039756795,3.2467975206611572,-5.0441666666666665,40.54333333333333,14.895965987927031,0.9500331799844444,1.446165174343688,4
2444,1130,12.495875251509053,5.564705882352941,10.369927536231886,21.704670912951165,13.311428571428573,1.3001509054325955,59.50603621730382,2.8526911468812877,-4.679722222222223,40.65916666666666,16.139965030598226,0.8329747318404429,1.348771903303488,4
2453E,920,12.782402234636871,5.685866983372922,10.556739130434783,21.959630606860156,14.3017094017094,1.1880101574897761,61.69211669770329,3.108369040726364,-4.741944444444444,40.82888888888889,16.273763623487234,0.7829925269117451,1.4130261226775667,4
2456B,820,13.03620246659815,5.439530332681018,11.277289719626168,22.291295116772826,14.117249417249418,1.0786742034943473,60.080935251798564,2.837769784172662,-4.73,41.07138888888889,16.851764784091806,0.7317302883199238,1.3448914125067786,4
2462,1893,8.275615763546798,1.9838479809976246,5.328478260869566,17.89868073878628,9.257417582417581,4.186884236453202,68.72783251231527,3.7652709359605914,-4.010555555555555,40.793055555555554,15.914832757788654,1.6461331771046355,1.561354395082709,3
2465,1008,13.096954595791804,6.019374999999999,11.41467391304348,22.381951219512192,14.522802197802196,1.4847452934662235,57.40143964562569,2.971483942414175,-4.126388888888888,40.945277777777775,16.362576219512192,0.9101701566962489,1.379139813878589,4
2471Y,1237,10.994901836605447,4.600475059382423,8.962168141592922,20.193713450292396,12.271978021978022,2.251931602279924,64.62824572514249,2.8530643468906463,-4.211944444444445,40.71861111111112,15.593238390909974,1.1792491589551295,1.3488687659693102,3
2482B,870,12.715008505299611,5.797790029914137,11.08736263736264,22.737301587301584,14.074089068825911,1.0961562093528814,62.2290698914874,3.785810243492863,-4.375833333333333,41.12638888888889,16.939511557387448,0.7401052910447857,1.565655340453797,4
2491C,1960,7.251293568239959,1.9292109173527934,4.406721404534802,15.850877192982455,8.585416666666665,4.3145950280673615,62.617439058168166,5.365533172994002,-5.69,40.355,13.921666275629661,1.6704568147362124,1.8508979948788535,3
2503B,786,13.107085346215781,5.490606060606061,11.495224719101122,22.684330985915494,14.457536764705882,1.1502058367307846,62.559983896940416,3.471900161030596,-4.691944444444444,41.28,17.193724925309432,0.7655635755712986,1.4978134102526437,4
2503X,740,13.275956284153006,6.171428571428571,10.265217391304347,22.557608695652174,14.040659340659337,1.20327868852459,68.11612021857924,1.9745901639344263,-4.686944444444444,41.325833333333335,16.386180124223603,0.7899465639157379,1.090106269485768,4
2507Y,724,13.454220566297899,5.797830754560511,12.003453038674033,22.87439024390244,14.729670329670329,1.0808388132372162,62.794601382436866,2.954618818165142,-4.963611111111112,41.41944444444445,17.07655948934193,0.7327710880142945,1.3748842168441078,4
2512Y,925,13.255826330532214,5.406511627906977,11.077608695652176,22.213863636363637,14.213296703296704,0.9775350140056023,60.785434173669465,3.4583077160153772,-5.018611111111111,40.88222222222223,16.80735200845666,0.6818511267004423,1.4947692581569765,4
2517A,755,13.348814926878468,5.798238747553816,11.683727272727275,22.48254817987152,14.466813186813187,0.8891578416540595,58.31779400612741,3.520272314674735,-4.939722222222223,41.172777777777775,16.684309432317704,0.6361311433419959,1.5085722386388403,4
2536D,710,13.573460591133005,6.159263657957245,11.847282608695652,22.740369393139844,14.78543956043956,1.1064655172413793,63.15363300492611,3.65317118226601,-5.271388888888889,41.54833333333333,16.581105735182597,0.7450114326097992,1.537548961841067,4
2539,846,12.67185104052574,5.063207547169812,9.654347826086957,21.226229508196724,12.968498168498169,1.0722343921139101,62.0197152245345,3.792223439211391,-4.855555555555555,41.71194444444445,16.163021961026914,0.7286274416063434,1.5669944872744048,4
2555B,811,13.189158279963403,5.526937269372693,11.123913043478261,22.123626373626372,13.948717948717949,1.040453175099393,61.184354986276304,3.5169716376944193,-5.481388888888889,41.236666666666665,16.596689104253677,0.7131719278422196,1.5078417776388997,4
2565,702,14.267090395480226,6.674444444444443,12.20978260869565,23.468478260869563,14.593124999999997,1.252824858757062,62.92372881355932,3.9687853107344635,-5.630555555555556,41.555277777777775,16.79403381642512,0.8121849215252251,1.6031754059581644,4
2568D,985,11.298621323529412,4.426937269372693,9.294909090909092,19.5724907063197,11.985714285714288,1.2987002765264912,66.2890625,3.0971966911764706,-4.851111111111111,42.52361111111111,15.145553436947008,0.8323438660451302,1.4103030059982682,1
2593D,782,12.981663929939792,5.323893805309734,11.010652173913043,21.945652173913043,13.519120879120878,1.009879584017515,64.02900930487138,3.4781335522714834,-5.041111111111111,42.094166666666666,16.62175836860331,0.698074811827404,1.499206341821044,4
2604B,731,12.986263736263735,4.960204081632654,10.759366391184573,21.853037383177572,13.337032967032968,0.9858553925217973,61.808302808302805,2.954334554334554,-5.040277777777778,41.87583333333333,16.89283330154492,0.6860497495388209,1.3748123327863009,4
2611D,690,13.130432402846196,5.545132743362832,11.208695652173914,21.927391304347825,13.714945054945053,1.0761433944669454,62.9080459770115,3.3775125928005294,-5.592499999999999,41.85638888888889,16.382258560984994,0.7305120353975092,1.4764806618843043,4
2614,656,14.518609742747675,6.509070796460176,12.864565217391304,23.63173913043478,14.934285714285716,1.1164750957854406,61.4887794198139,1.9732348111658455,-5.735277777777778,41.51555555555556,17.122668333974605,0.7497520142124436,1.0896505221166997,4
2624C,1090,10.544653850525448,3.7897955994498695,8.467543859649123,18.182941176470585,10.95934065934066,2.8520610237634325,72.99063731550697,2.3929995866189575,-5.0075,42.958333333333336,14.393145577020716,1.3486083359088972,1.2217143639685923,0
2626Y,916,10.819093023255814,4.0935304990757855,9.081180811808117,18.866233766233766,11.279450757575756,1.3794537862916458,65.74651162790698,2.347558139534884,-5.193333333333333,42.62,14.77270326715798,0.8668709597857387,1.2082311664786363,1
2630X,1510,6.894405976883648,2.1792730844793713,5.4857289527720745,13.873354168312668,7.724786209930299,3.0961016810798445,71.46374784766925,3.809381775530955,-5.376944444444444,43.06222222222222,11.694081083833296,1.4100357119114681,1.5705685468614672,0
2661,916,11.910173357664233,5.066605166051661,9.947644927536233,19.92518115942029,12.584615384615386,1.4271441605839417,63.844406563577664,3.145015662985654,-5.651111111111112,42.58833333333334,14.858575993368628,0.8867153236553161,1.4219065673462596,1
2661B,912,20.348275862068967,,,20.348275862068963,,0.08448275862068966,41.13793103448276,3.341379310344828,-5.643611111111111,42.59944444444445,14.440254296680273,0.08110315315997552,1.4681921110638276,4
2664B,788,12.190432098765433,5.083022071307301,10.853112947658403,20.489975624619138,13.054743833017078,1.0548754553474562,61.750881834215164,3.5723324514991184,-5.504722222222222,42.29583333333333,15.406953553311837,0.7202152404412625,1.520023457965078,4
2701D,1120,10.78258492720547,5.136176470588235,8.982752293577983,17.82662601626016,11.650516536846924,2.561788211788212,69.53850596914603,2.7008491508491512,-5.870833333333334,42.88555555555556,12.690449545671925,1.2702627254322498,1.30856229354853,0
2728B,995,11.352701443875175,4.940018656716418,9.561567164179104,19.074487895716945,11.818587360594794,1.8617748085368302,68.40870982766651,2.9578947368421056,-6.070833333333333,42.64833333333333,14.134469239000527,1.0514419947879863,1.3757122517893539,3
2734D,919,12.573061526085281,5.745821646346746,10.820471014492753,20.113315217391303,13.055394190871368,1.2290815310330907,62.266975140192734,2.7064652869642707,-6.0744444444444445,42.47666666666667,14.367493571044557,0.801589631138604,1.310078669622048,1
2737E,1020,10.560084995269897,4.583318788328137,8.886517795983977,18.55196314648155,11.4177734375,1.1677412340100077,62.91374410493539,2.568014705882353,-6.196666666666667,42.3775,13.968644358153414,0.7736857194473314,1.2720093363130676,1
2742R,850,11.944569123960598,5.065277777777778,10.640399574324716,19.602450090744103,12.329908256880733,1.1384577785283498,65.06515124426328,2.9623855311355314,-5.779722222222222,42.46638888888889,14.537172312966325,0.7600849049913704,1.3768462507446253,1
2755X,715,13.643838429940667,6.069223659889094,12.13913043478261,22.16521739130435,14.055311355311355,0.9541363661531813,57.246006389776355,2.3161113646736653,-5.666666666666667,42.01083333333333,16.095993731415255,0.6699483393908204,1.1987928207482204,4
2766E,933,10.331408140814082,4.110690423162584,9.059891304347827,17.30108695652174,10.714365256124722,2.276138847611034,70.3883388338834,0.9698844884488449,-6.639722222222222,42.0825,13.190396533359156,1.1866655483683286,0.6779749057256256,0
2775X,850,12.173413705583757,5.328146853146853,10.359528130671507,19.797549019607843,12.569236883942764,1.8429357021996615,59.21573604060914,2.5809010152284264,-6.279722222222222,41.94138888888889,14.46940216646099,1.0448372162329027,1.2756144489778565,4
2777K,737,12.327172413793102,5.333641404805915,10.710885608856088,20.434615384615384,12.753663003663004,1.0912183908045978,61.40275862068965,2.475149425287356,-6.007222222222223,42.07805555555556,15.100973979809469,0.7377468582277834,1.2456374781749708,4
2789H,711,13.255656788139119,5.586166827598964,11.272514090176099,21.70021149314989,13.736768761034698,1.1551063829787234,63.01733940760855,3.438127659574468,-5.908888888888889,41.785555555555554,16.114044665550928,0.7678400879886472,1.4902325892103643,4
2804F,790,13.011882472759515,5.646909667194929,11.531347962382446,21.48581113207775,13.74185667752443,1.58351222542525,65.05188742288908,4.451289654177774,-6.141944444444444,41.53388888888889,15.83890146488282,0.9491498008512854,1.6958522144758794,4
2811A,1525,10.07327291299165,2.848031332822167,8.347160225706103,17.88047221394702,10.473136297358508,2.007234613528977,62.65680117420043,1.3824747474747476,-5.143055555555556,40.35055555555556,15.032440881124852,1.1010209234200572,0.8681397573189038,3
2828Y,1012,11.853757338551858,5.317828843106181,10.193633540372671,19.276205287713843,12.514128728414443,1.383530327451657,59.39686888454012,2.856849315068493,-5.519166666666667,40.35527777777778,13.958376444607662,0.8685827194969018,1.3498506105522363,1
2847X,865,12.057033797818816,4.802334433285088,10.357789855072463,20.263853211009174,12.748652644395099,1.0522441979253627,64.43249056396677,3.4253375760115725,-5.643333333333333,40.67555555555556,15.461518777724086,0.7189339250649306,1.4873465639142807,4
2863C,897,12.13084910013844,4.6499999999999995,10.513610586011344,20.2518115942029,12.901284403669724,1.1565008742312102,62.15306330552667,2.361114104543989,-5.366111111111111,40.73222222222223,15.6018115942029,0.7684869424992377,1.2122724977483634,4
2867,790,12.685952902519167,5.204434589800444,11.371739130434783,20.926847826086956,13.098901098901099,1.0118838992332968,63.832968236582694,3.49657721796276,-5.498333333333333,40.95944444444445,15.722413236286512,0.6990715464141426,1.5033164891289637,4
2870,775,14.248701575138355,7.1256666666666675,12.850931677018634,22.848479427549194,14.92032967032967,1.00950212137174,63.023201362281824,1.9704555129842487,-5.662222222222223,40.9575,15.722812760882526,0.6978869905779922,1.0887153124295892,4
2873X,817,12.47309407948094,5.365064102564102,10.714195583596215,21.11368243243243,13.179788961038962,1.152264391360044,64.02578949820894,2.9673071797603114,-5.779722222222222,40.90361111111111,15.748618329868329,0.7665204931917403,1.378087572303023,4
2882D,1003,13.340979926013944,6.7156015650650795,11.698531468531469,21.10906976744186,14.396019108280257,1.056785876774253,68.56712900116963,3.134289790087117,-5.8975,41.23888888888889,14.39346820237678,0.7211445103445736,1.4193155580013677,1
2885K,804,12.376697926065228,5.436509401679119,10.970245597491765,20.571603053435116,13.099372056514913,1.44985020839108,64.1189644731728,4.281542142068458,-6.022222222222222,41.30444444444444,15.135093651755996,0.8960268832553321,1.6642181274347918,1
2891A,690,14.356113779091245,7.36027496382055,12.869157608695653,22.85031104199067,15.088854003139716,1.5545811087241224,63.685260435906905,3.337366087920207,-6.462222222222223,41.26277777777778,15.490036078170117,0.9378882605957211,1.4672672716944242,4
2914C,785,13.072465075569967,5.877586206896552,11.292392638036809,21.446741270342468,13.848351648351647,1.2947154333200568,65.2334156124653,3.107112002468374,-6.202777777777778,40.78611111111111,15.569155063445915,0.830608841628539,1.4127201057173446,4
2916A,769,13.79705915039156,6.668550724637681,12.31287671232877,22.231679389312976,14.550131290868665,1.5746465943718473,60.78729096636444,3.55165547006663,-6.437777777777778,41.01138888888889,15.563128664675295,0.9457122797926188,1.5154910063643747,4
2918Y,1027,12.578875354666899,6.081215083798882,10.647280334728032,20.299071205207106,13.310714285714287,1.8862630091330723,62.87744923830549,3.781580163887281,-6.223611111111111,40.56944444444445,14.217856121408225,1.059962588955084,1.5647710700935207,3
2926B,748,12.992000662471016,6.149730458221024,11.48819612590799,20.807517241379312,13.89125344352617,1.5953586533335073,66.1726057510343,2.8882985086060637,-6.608888888888888,40.85138888888889,14.657786783158288,0.9537247164448901,1.3579716605558487,1
2930Y,880,11.33239082626453,5.167509481668774,9.638647342995169,18.636989795918367,12.040128205128203,2.9078856424756516,71.09695594126765,1.6613689941327483,-6.812777777777778,40.29666666666667,13.469480314249594,1.362996471335713,0.978840649850258,0
2945A,805,12.851214022984841,6.027423951169221,11.071847826086957,20.7354415274463,13.689559748427671,1.4820952944658183,67.26220775377331,3.271840781296241,-6.576944444444444,40.485,14.70801757627708,0.9091030802701217,1.4520448306675153,1
2946X,680,13.956709137270048,6.856880733944954,12.37410228509249,22.37863510370446,14.797924297924299,1.3475663024367197,58.09958962660506,2.8656982073694905,-6.6,40.635,15.521754369759506,0.8533791755509388,1.352142314461622,4
2966D,840,12.741589192330041,5.994182027649768,11.115978260869566,20.707389749702028,13.562453987730061,1.7944048156427597,66.89922945853235,3.847515979081929,-6.301388888888889,41.68333333333333,14.71320772205226,1.0276191378280526,1.5784664044844567,1
2969U,910,12.499578914535247,6.080172413793103,10.714005235602096,20.010049019607845,13.050184275184273,3.3941652439789634,69.59560199625702,2.9108120882044335,-7.183055555555556,42.02722222222222,13.92987660581474,1.4802775799869743,1.3637450476245636,0
2978X,380,14.00837159473523,7.117835178351783,12.836043689320388,21.357306763285028,14.610723192019949,1.9797959450280422,69.417661463116,1.5085953495023618,-7.421944444444445,41.92666666666666,14.239471584933245,1.0918548233500007,0.919722974784811,1
3013,1062,11.620377128953772,4.097785977859779,10.044927536231885,20.34287439613527,11.862271062271063,1.437089416058394,61.577402676399025,1.9224604622871047,-1.8788888888888888,40.84166666666667,16.24508841827549,0.8908044650074721,1.0724258855427535,4
3021Y,1250,11.741392047687551,4.387517212103077,9.925305623471882,21.097050938337805,12.179909033847986,1.7807185193791628,62.30540458835912,2.7366627532730785,-2.199722222222222,40.75833333333333,16.709533726234728,1.0227093545157921,1.3181929011200701,4
3040Y,1214,11.288558205257349,3.718008860846185,9.251695979899498,20.254989462382976,11.155890632930161,1.6674665955893588,63.0983512589616,2.71006813565956,-2.0763888888888893,40.57166666666667,16.53698060153679,0.9811291813747273,1.3110502418575913,4
3044X,928,12.91421052631579,6.116112084063047,11.702499999999999,22.073747276688454,13.483796296296296,2.1674162679425835,65.03350652887742,2.2303461031933014,-2.15,40.530277777777776,15.957635192625407,1.152916198117923,1.17258928418555,3
3085Y,920,14.353863242479322,6.4492939002940854,12.150736790000463,23.75688844176027,14.699548252717129,1.2986124556308487,58.632711498003914,2.3311009061501418,-2.953055555555556,40.407777777777774,17.307594541466187,0.8323056607279069,1.203302851802895,4
3094B,819,16.12629852882372,7.7198396676445755,14.110607778783322,26.063158220275156,16.465654185470704,0.8010553154249125,52.008860862503546,3.0262941534713765,-3.0213888888888887,40.011944444444445,18.34331855263058,0.5883727794505977,1.3928463880039794,4
3099Y,733,15.220906656465186,6.62511961722488,12.882961783439491,24.780849582172703,15.211154446177845,1.043496557000765,59.141247509123,2.956073512909645,-3.4961111111111114,39.93527777777778,18.155729964947824,0.7146623391667335,1.3752519962242225,4
3100B,540,15.732918469118463,7.116478873239436,14.05591137582602,25.43497267759563,16.057438620074855,1.0015813106292546,54.46314236724481,1.9202434059054108,-3.546111111111111,40.06722222222223,18.318493804356194,0.6939375234713173,1.0716669709928743,4
3103,910,13.384080237342705,6.021921182266009,11.256049389841277,22.415898058252427,13.703601953601954,1.856934030044592,60.1549783720157,1.7943402032617868,-3.301944444444444,41.00361111111111,16.393976875986418,1.0497490323431184,1.027596015506044,4
3104Y,1159,11.19523891966759,4.788247566063978,9.559716312056738,18.714198369565217,11.50528846153846,2.7878795185841296,61.211379342190384,1.1999826869806094,-3.888333333333333,40.88972222222222,13.92595080350124,1.3318063687420125,0.7884494907790366,3
3110C,1030,12.149755649083623,5.141113479695237,10.435175276767168,20.64851951547779,12.477078239608803,1.3941559815360645,55.66770626883768,1.801314913448735,-3.613888888888889,41.00694444444444,15.507406035782553,0.8730307602079541,1.030088918893955,4
3111D,1450,10.196779120364381,3.0286924382938043,8.13408,18.60301590333542,10.625080262826119,3.169641741059702,64.02271469608134,2.041821923203902,-3.5805555555555557,41.13555555555556,15.574323465041617,1.4278301187050018,1.1124566527429018,3
3125Y,672,16.126679493368883,7.871814686190754,14.294261130462553,25.631417935585883,16.43290787705768,1.1683034636590997,53.98668466604662,2.405099912031821,-3.6166666666666663,40.55,17.75960324939513,0.7739450477944516,1.225274281911609,4
3126Y,740,14.384961242067494,6.082025109011786,12.442688679245283,23.687985611510793,14.385694635488308,1.1447944662774252,57.36588019229431,1.2685093871628088,-3.7119444444444447,40.561388888888885,17.60596050249901,0.7630437278716744,0.8191229581617258,4
3129,609,15.568901813205612,7.07966804979253,13.938586956521737,25.384375,15.724725274725273,1.2373417721518987,55.38624700650017,3.115035921997947,-3.555555555555556,40.46666666666667,18.304706950207468,0.8052884523096606,1.414647563616556,4
3130C,1005,11.256523640113981,4.294645340751043,9.735934845319496,19.91769115442279,11.711360347322719,1.30912767131649,60.39122402568232,2.2599137742012307,-2.618055555555556,41.08638888888889,15.623045813671748,0.8368698217482619,1.1817007453972943,4
3140Y,990,13.692912680293505,5.749591503267973,11.270532060027284,22.398499317871764,14.10011419247488,1.2596355058318223,59.13646676342563,2.7104149726374973,-2.76,40.985,16.648907814603792,0.8152035196716908,1.3111437228272607,4
3168D,727,15.382928498118373,7.247856154910097,13.601358695652172,24.900815217391305,15.640796703296703,1.2801231611358195,55.176530961341086,2.4283954840916864,-3.1502777777777777,40.63027777777778,17.65295906248121,0.8242294595494536,1.232092362835938,4
3170Y,605,15.098114204032958,6.589012738853502,13.5385075217828,24.873307086614172,15.320983672807039,1.1016777214202107,57.93348027173123,2.566312747097698,-3.289722222222222,40.52833333333333,18.28429434776067,0.7427359407286955,1.2715322180904578,4
3175,607,15.096972288744439,6.72116182572614,13.241304347826087,24.724999999999998,15.557486263736264,1.0589291823469038,56.81269243927472,3.205405405405405,-3.443611111111111,40.48861111111111,18.00383817427386,0.7221860332564429,1.4363706991000667,4
3182Y,533,15.816799384443515,7.393015873015874,14.265430016863409,25.87957983193277,16.19770762119758,1.0584850238615349,56.76731159715364,2.469555094041747,-3.497777777777778,40.31166666666666,18.486563958916896,0.7219702869337037,1.2440263707649655,4
3191E,1004,14.18080738966815,6.610235131396957,12.042255434782607,23.48940217391304,14.45054945054945,1.5136503592199793,58.899931577146766,2.5709544988026,-3.765,40.69611111111111,16.87916704251608,0.9217360230177557,1.2728329266668374,4
3194U,664,15.539589683652911,7.346605519116105,14.069437989364253,25.55117889694253,15.787587036475399,1.0974463519313304,52.282992521621495,2.1988018415353507,-3.724166666666666,40.45166666666667,18.204573377826428,0.7407205818837708,1.162776315171115,4
3194Y,665,15.397374219610725,7.051820940819423,13.687045813586098,24.788068181818186,15.357909215955985,1.332721263312523,55.24476680132207,2.3914327170040286,-3.813333333333333,40.44833333333333,17.736247240998765,0.847035510253212,1.221252462493962,4
3195,667,16.24181000781861,7.8475513428120065,14.608540372670808,26.082298136645964,16.28594976452119,1.1206354141331483,55.33326817826427,1.9503909827998387,-3.6780555555555554,40.41194444444445,18.234746793833956,0.7517157674234731,1.081937698111855,4
3196,690,16.13403284671533,7.693542435424353,14.35018115942029,25.886413043478264,16.456593406593406,1.232778284671533,55.70095802919708,2.927782846715328,-3.786111111111111,40.37555555555556,18.19287060805391,0.8032466775887459,1.3680751055412568,4
3200,620,16.4460516028147,7.78736176935229,14.691459627329195,26.40419254658385,16.756671899529042,1.0842455043002346,55.589913995308834,3.314386239249414,-3.7222222222222223,40.29944444444444,18.61683077723156,0.7344069213194463,1.4619550755423332,4
3209Y,835,13.358029430582214,5.546467391304348,11.496952908587257,22.31362467866324,13.499101123595507,1.319321817018554,59.81626350560388,2.2729582952363985,-2.8741666666666665,40.765277777777776,16.76715728735889,0.8412748226937027,1.1856942533774895,4
3229Y,594,15.293832599118941,6.540702947845805,13.76271739130435,25.012173913043476,15.50043956043956,0.9066554710978301,56.3931718061674,2.5507842137712347,-3.3116666666666665,40.24722222222222,18.47147096519767,0.6453506449045203,1.2671684843790159,4
3245Y,635,15.009953240512063,6.12475362994794,13.529565217391305,24.949667405764966,15.344933920704845,0.8051478151450713,53.914917127071824,2.2484849363185986,-3.5058333333333334,39.69611111111111,18.824913775817027,0.5906424804790045,1.1781887142085956,4
3254Y,717,16.08336860058039,7.406533480160407,14.435409123390956,25.89567043537806,16.884300572170623,0.8464022862150626,54.56745848315064,2.3742343934040044,-3.780555555555555,39.68694444444444,18.489136955217653,0.6132390355322755,1.2161684521921436,4
3260B,513,16.992379385964913,8.024053452115814,15.295434782608694,26.964130434782607,17.4767032967033,0.975109649122807,54.61951754385965,3.1270186217911786,-4.045277777777778,39.88472222222222,18.940076982666795,0.6806239153551814,1.4175552629461574,4
3266A,1532,9.802324159021406,2.155297157622739,6.690217391304348,18.724999999999998,10.434513274336284,2.5799114336781024,60.536964848269555,4.152464008506795,-4.141944444444444,40.70638888888889,16.56970284237726,1.2753380609105291,1.6394750485095202,3
3268C,924,14.863307883349831,6.989864485711098,12.827125103464011,23.854831460674156,15.284175824175822,1.581215052282689,54.37451911875375,2.035733082935926,-4.0175,40.65972222222222,16.864966974963057,0.9482602385683128,1.1104529383218942,4
3298X,917,14.993922105510018,7.040194734687298,12.347949522410477,24.460752747348867,16.07098901098901,1.7871769603315437,49.721329571371875,2.12028996083662,-4.350555555555555,39.54694444444444,17.42055801266157,1.0250292414003281,1.1379259336686764,4
3305Y,750,15.582604562737641,7.441212871287129,13.558782201405153,25.48276762402089,16.575824175824177,1.3214088232760006,55.26013941698352,2.341748873271506,-4.476944444444444,39.63055555555555,18.041554752733763,0.8421742527877573,1.2064942847021876,4
3319D,1285,8.845381773399014,3.084679334916865,7.180434782608696,16.352374670184695,9.795879120879121,4.907339208205996,70.35694731252264,2.528318687707457,-5.012777777777778,40.33972222222222,13.26769533526783,1.7761955114615278,1.2608214650477865,0
3330Y,890,13.548071525941737,6.295956873315364,11.125090436397276,22.737994722955147,14.426373626373627,1.9883026064844247,63.662721362388915,2.4510466631313057,-4.487222222222222,40.31305555555555,16.44203784963978,1.09470553606655,1.238677565650444,3
3337U,850,14.795773707169742,7.366952022543278,13.131654676258991,24.138786279683377,15.469806094182827,1.8007507767875495,56.837222833248845,1.9799611571403473,-4.4558333333333335,40.4675,16.7718342571401,1.029887515806492,1.091910265915701,4
3338,763,13.701804460756591,6.646853497887575,12.290173183951445,23.87317073170732,16.117471436131282,1.67307410287535,53.194266715566606,2.15615530750597,-4.25,40.42777777777778,17.226317233819742,0.9832291595092705,1.1493546120092095,4
3343Y,884,14.634428492545556,7.390022421524663,12.472854291417164,24.452962085308055,15.02024886877828,1.7424070764107582,59.46604086140254,2.519988956377692,-4.061111111111111,40.49666666666667,17.062939663783393,1.0088360297894787,1.2584578522123828,4
3362Y,560,16.68553695098799,8.349060736117801,14.232545454545454,26.76105442176871,16.95594855305466,1.9270968870456442,56.55176821114241,2.3518493321750866,-4.680555555555556,40.10833333333333,18.411993685650906,1.0740111083049464,1.2095122329744992,4
3365A,372,16.465863529853717,8.431693989071038,15.096650240417556,26.184744094488188,17.43344748858447,1.4841680949573086,56.382310901551556,2.327379519774188,-4.863611111111111,39.95861111111111,17.753050105417152,0.9099378328594697,1.2021850632008775,4
3386A,923,14.651688438188705,7.696531791907514,12.549558021821342,23.697782874617737,15.331023622047242,2.83732939874585,61.62844646049284,1.7628782241412595,-5.391666666666668,39.59166666666667,16.001251082710223,1.3447766555722296,1.0162729711883367,3
3391,630,16.023176654663516,8.637345132743363,13.859861591695502,26.606763155016868,17.563215488215487,1.6213112835272117,50.90205371392433,1.5270226537216827,-4.590833333333333,40.28861111111111,17.969418022273505,0.9636746824655934,0.9270417930361093,4
3422D,350,16.820226377952757,9.045590142671854,15.14925558312655,25.8863453815261,17.605662983425415,2.5865775795518173,61.06758530183727,1.833202099737533,-5.311388888888889,40.13916666666667,16.84075523885425,1.2771984273421293,1.0414075560157672,3
3423I,464,16.90282009724473,9.24002557544757,15.072705314009662,26.23132530120482,17.643543956043956,3.5185952129511024,60.62512155591572,1.002803889789303,-5.373333333333333,40.153888888888886,16.99129972575725,1.5082011519429126,0.6945481436473723,3
3427Y,345,15.994393668256993,7.898740240953748,14.05169252468265,25.25565749235474,16.926607920843782,1.8598696838497357,62.00103093196491,2.0182661697313784,-5.114444444444444,39.99333333333333,17.356917251400994,1.050776058706136,1.1046825505361049,4
3434X,269,17.144614822928077,8.770286576168928,15.21055900621118,26.384375,17.546978021978024,1.7362906170135086,57.61695216447983,2.3800839722526472,-5.5825,39.94583333333333,17.61408842383107,1.0066032137880745,1.2179005530480538,4
3436D,690,15.744630378815742,8.855346820809247,13.66387755102041,24.729312977099237,16.39105180533752,4.8225450533284295,61.42442074292019,2.078595071717543,-5.784722222222222,40.11111111111112,15.87396615628999,1.7617374605443494,1.1244733473732038,3
3448X,406,17.4238020094971,9.222038001480751,15.414571852544778,26.657173295454548,17.7529532967033,1.7156859123173192,59.20781070739497,2.9780474452554744,-6.1275,39.82083333333334,17.435135293973797,0.9990445595325407,1.3807911072725394,4
3455X,559,16.501712328767123,9.117341549295775,14.935714285714287,25.412428298279156,17.694065934065936,1.609771689497717,57.7296803652968,3.278447488584475,-5.808333333333334,39.67,16.29508674898338,0.9592627422201848,1.4535902074769371,4
3463X,503,17.36880857193353,8.893369011758917,14.847826086956522,26.082976243459957,18.78088434680968,0.9754745254745255,49.934528513530694,2.3301385977230575,-5.854166666666666,39.4825,17.18960723170104,0.6808086355568681,1.2030139240640805,4
3463Y,523,17.180043869947923,9.85978853446116,15.62724795640327,26.351630434782606,17.348497025849156,1.5705384587154674,50.06795433909366,2.124362673235193,-5.874166666666667,39.46416666666667,16.491841900321447,0.9441153939714144,1.1392303178241059,4
3469A,394,17.25827633378933,9.298895027624308,15.450543478260867,26.162681159420288,17.999267399267396,1.4942772457820337,57.80984952120383,2.780027359781122,-6.338888888888889,39.47138888888889,16.86378613179598,0.9139990061885371,1.3297312476426357,4
3475X,373,17.911039215686277,9.912480252764613,16.039596273291924,27.09772727272727,18.55228346456693,1.4854117647058824,56.0025767341679,3.5653333333333337,-6.376388888888888,39.79055555555556,17.185247019962656,0.9104383459046997,1.5184915307312765,4
3494U,470,15.200804403048265,7.70279232111693,13.32390510948905,23.77516556291391,15.429984301412873,2.5929720575783235,62.237087214225234,1.5237933954276037,-6.239722222222222,40.40805555555556,16.072373241796978,1.2789797311955815,0.9257630853173301,3
3503,393,17.274427655677655,9.337200736648251,15.400724637681158,26.544688644688645,17.794935543278086,1.843864468864469,57.336309523809526,2.645238095238095,-6.1675,40.18944444444444,17.20748790804039,1.0451638556945073,1.2934216843802697,4
3504X,724,15.23632160249119,8.056742556917687,12.908613842588943,23.560130718954248,15.691993720565147,2.698355817875211,60.271176771172335,2.056007588532884,-5.861111111111111,40.265,15.503388162036561,1.3078883473397542,1.1171093544598572,3
3512X,351,17.10141358869129,9.241988950276243,15.3018115942029,26.12735507246377,17.61190476190476,1.8225262197902417,60.42202462380301,2.207546739626083,-6.338888888888889,40.08083333333334,16.885366122187527,1.0376323065610626,1.1655063893815567,4
3514B,991,14.606255707762557,7.609576427255985,12.290398550724637,23.256045454545458,15.193715596330277,3.354200913242009,57.15821917808219,3.856027397260274,-5.678333333333334,40.25861111111111,15.646469027289474,1.471141106268173,1.580220695681206,3
3516X,1260,12.65543369890329,5.892534381139489,10.44945652173913,21.494081632653057,13.37868131868132,4.337138584247258,62.72731804586241,2.565578265204387,-5.8325,40.12083333333334,15.601547251513567,1.6746896637089377,1.271326246940691,3
3519X,415,18.284075869955142,10.039705568737526,16.488950276243095,27.69728260869565,18.706462390574913,1.7334708849151765,59.064917856776475,1.5732023825237906,-6.085833333333333,40.043055555555554,17.657577039958127,1.005572188085355,0.9451511864534676,4
3526X,313,17.907165677772706,9.856931608133088,16.08605072463768,27.142210144927535,18.388278388278387,1.4309260624113722,56.2656303453048,2.7405522592423552,-6.5575,40.00361111111111,17.285278536794447,0.8882722803964967,1.3192332634243733,4
3531X,459,16.16634438305709,8.804051565377533,14.18442028985507,24.97579143389199,16.835000000000004,2.651841620626151,59.58815752526118,2.0327077001199245,-6.411666666666667,40.255,16.171739868514457,1.2952315939462395,1.1094558508739627,3
3536X,560,16.449725274725274,9.392857142857142,14.52833850931677,25.19182444061962,17.203803339517627,2.9367663825659744,59.16251056635672,2.2693153000845308,-6.724444444444445,40.17472222222222,15.798967297762477,1.3703596712540551,1.1845805746310056,3
3540X,336,17.22943157894737,9.830398671096345,15.308850931677018,25.949056603773588,18.34212454212454,1.4015578947368421,57.730947368421056,2.864042105263158,-6.859999999999999,39.87138888888889,16.118657932677245,0.8761176495718354,1.3517138130981374,4
3547X,450,16.601194672933804,9.418073248407644,14.363043478260868,25.158385093167702,17.294348508634222,2.440109674892284,58.87544065804936,2.253897375636506,-6.896111111111111,40.20722222222223,15.740311844760058,1.2355033531132082,1.1798534703881778,3
3562X,321,17.303995621237,9.463716814159291,15.210869565217392,26.258913043478262,18.155384615384616,1.165407772304324,58.89846743295019,2.5044061302681992,-6.7363888888888885,39.4275,16.79519622931897,0.7726086912039687,1.2540210711146138,4
3565X,425,17.00210608344399,9.343022597171874,14.555434782608696,25.495921696574225,17.838069073783362,1.2793277530237877,60.20315789473684,4.062126315789474,-6.745,39.61805555555556,16.15289909940235,0.8238805543259624,1.6217866155432157,4
3576X,444,16.42930561900411,9.202398523985241,14.344353369763205,24.6356884057971,17.403113553113553,1.1912436426139177,57.12915984078824,3.092757052997452,-7.231111111111111,39.414722222222224,15.43328988181186,0.7844692559890496,1.4092188390413922,4
4007Y,905,14.783411105926271,6.928703703703703,12.36050724637681,24.7234521575985,15.325772200772201,0.8455927401828573,54.91577228184788,2.2840877274848346,-2.745,38.965833333333336,17.794748453894798,0.6128004942886437,1.1890889048402111,4
4051Y,875,14.172949525093815,6.288276553106212,11.993351548269581,24.26914456425746,14.978205128205127,1.1583803177857508,57.609174782162995,2.627883136852896,-2.8069444444444445,40.06111111111111,17.980868011151248,0.7693580875388165,1.2886493202822975,4
4061X,692,15.956309399278148,7.597260845099981,13.583555133079848,25.673420650691394,16.299231205680933,0.8879407616361072,53.45470472926332,1.7389750822755055,-3.0483333333333333,39.59722222222222,18.076159805591413,0.6354866909790022,1.0075837928593134,4
4064Y,640,16.644166283876896,7.581005586592179,14.604076086956521,27.024637681159422,17.134888059701492,0.8555810748736793,54.72668810289389,1.6145613229214515,-3.2158333333333333,39.39083333333333,19.443632094567242,0.6181978949178544,0.9610963293036502,4
4067,690,15.077623801182822,6.5641891891891895,12.884484732824426,25.294437869822488,15.78384217740665,0.8160373237283979,52.519298428375826,3.1951235872027564,-3.5283333333333333,39.49194444444444,18.7302486806333,0.5966568326817728,1.4339228000818192,4
4070Y,1020,13.548985643389228,5.983271375464684,11.273762032537503,22.944444444444443,13.99102564102564,1.2362505757715339,58.555431984317764,2.4587977890373103,-2.395277777777778,40.01888888888889,16.96117306897976,0.8048006133126576,1.2409210688756784,4
4075Y,870,14.743180304938187,6.318703007518797,12.549818511796733,24.64926311736393,15.419007490636703,1.0153716799221513,56.61925754060325,2.619502296000425,-2.5033333333333334,39.84027777777778,18.33056010984513,0.7008036349256788,1.286336529092735,4
4089A,858,14.526464137177438,6.685333258357104,12.265619047619047,24.983517699115048,15.484285714285713,0.9635674326906087,57.48058172833916,2.6235430634347603,-2.4958333333333336,39.51694444444444,18.298184440757943,0.6747629375532235,1.2874522939825073,4
4090Y,728,15.050848439446773,6.54187052003689,12.568,24.911065573770493,15.56458633426627,0.8608775130845688,56.40287217659258,3.821108636384482,-2.420555555555556,39.41666666666666,18.369195053733602,0.6210481576995992,1.5730039091634758,4
4091Y,718,16.12606790799562,7.345232815964524,14.058478260869567,26.10521739130435,16.83120879120879,0.9215224534501644,53.24315443592552,3.2475082146768894,-2.5925,39.261944444444445,18.75998457533983,0.653117816330582,1.446332508564879,4
4093Y,763,15.046640119462419,6.168879668049793,12.810869565217391,25.03454894433781,15.236813186813185,1.0462419113987058,58.352911896465905,2.476455948232952,-2.76,39.65611111111111,18.865669276288017,0.7160048968053305,1.246013369178783,4
4095Y,745,15.069324201490462,7.262054507337526,13.778130471624179,25.48158541783562,16.544940476190476,1.042644785757548,57.438831184816536,2.2870629927430897,-2.705555555555556,39.555277777777775,18.219530910498094,0.7142454317794921,1.189994458703833,4
4096Y,918,14.067853209385625,5.681995633758872,11.505828779599272,23.483953033268104,14.654377431906616,1.017890560938085,60.31007050586282,1.836367425021923,-2.488888888888889,39.016666666666666,17.801957399509234,0.702052689012913,1.0425241577610829,4
4103X,662,15.765514935354437,7.123561151079136,13.947815533980583,26.076542056074768,16.536797752808987,0.9321901313762598,54.35885998768299,2.7758216286220234,-3.0075,39.16916666666666,18.95298090499563,0.6586541426336486,1.3286180089847692,4
4116I,626,15.693500424808835,7.137603993344426,13.826708074534164,26.19538188277087,16.484249084249083,0.985887035814609,58.96346644010195,2.743181818181818,-3.741944444444445,38.950833333333335,19.057777889426447,0.686065683750761,1.3199360032653336,4
4121,626,16.489316057774,7.955324459234609,14.770962732919255,26.928774422735348,17.145238095238096,1.1759558198810534,55.7892948173322,2.1453695836873408,-3.9202777777777778,38.98916666666667,18.97344996350074,0.7774680254240937,1.1459313979340529,4
4138Y,900,15.216110860748087,7.508031088082901,12.729654036243822,25.473461538461535,16.46062378167641,1.1450653447498873,56.05588102748986,3.419107706173952,-3.0044444444444443,38.7375,17.965430450378634,0.7631700156688308,1.4859377992785845,4
4147X,700,15.981920783645657,7.521166666666667,14.093157076205287,26.329751332149204,16.840036900369004,0.9043867120954003,49.58666950596252,1.884984571703604,-3.391388888888889,38.75055555555556,18.808584665482538,0.6441600208382487,1.0595195521827145,4
4148,804,15.232984510675582,7.266222961730449,12.971463022508038,25.579342861307982,16.099566724332217,1.229414298018949,45.814958399019275,2.7358742463393626,-3.5666666666666664,38.51805555555556,18.313119899577533,0.8017389043460872,1.3179818598266826,4
4193Y,587,16.236505652673824,7.850588300738468,14.55196065159596,26.16108527131783,17.19245283018868,1.7905730129390018,56.20422432648686,2.1162496778845385,-4.282777777777778,39.21694444444445,18.31049697057936,1.026246955727209,1.1366302524892518,4
4195E,651,15.57093525179856,7.913812154696133,13.345108695652174,25.522085889570548,16.609580838323353,1.7537339128568887,60.726618705035975,2.2523741007194245,-4.3950000000000005,39.32083333333334,17.608273734874416,1.0129577772133622,1.179385222190896,4
4210Y,718,16.029332574895715,7.775079365079364,13.91270718232044,25.594122137404582,16.77404458598726,1.3044346474150446,57.44847244540923,2.2653094648266725,-4.291944444444444,38.89805555555556,17.81904277232522,0.8348353740933186,1.1833545407258448,4
4220X,531,16.17940501131977,7.899410488763266,14.35799676898223,25.81041754605311,17.20532007351438,1.2245628874638166,54.78824618738395,1.7415608765077333,-4.621944444444445,39.08361111111111,17.911007057289844,0.7995604412459361,1.0085274211626574,4
4236Y,689,16.27119199029823,8.389462209302325,14.314450503503222,25.918801072240388,17.170015698587125,1.803354220420199,58.69065611889243,2.135734474743052,-5.026388888888889,39.45055555555556,17.52933886293806,1.030816636092866,1.1428634288597812,4
4244X,447,17.43378532699219,9.083125133487393,15.382556935817808,26.92314092563702,18.191287284144426,1.5288627450980392,50.8003047780214,2.2640835542993742,-5.062222222222222,39.16944444444445,17.84001579214963,0.9277696938140946,1.182979035517899,4
4245X,660,16.56228762365811,8.809947643979058,13.96231884057971,25.448202614379085,17.251602540917354,2.825737152485257,57.21314237573715,1.2478306655433866,-5.333333333333333,39.45527777777778,16.638254970400027,1.3417511683144505,0.8099656024786698,3
4260,542,16.103597966366838,8.179113924050634,13.967857142857145,25.10388198757764,17.025902668759812,1.0982401251466563,59.30915134923739,2.6929800547516622,-5.5775,38.47972222222222,16.924768063527004,0.7410989577367486,1.306433735030405,4
4263X,575,16.133255086071987,7.9392405063291145,13.955590062111803,25.34301242236025,17.155188679245285,1.0592723004694835,57.11619718309859,2.7784428794992175,-5.350555555555555,38.409444444444446,17.403771916031136,0.722352668193954,1.3293119881218718,4
4267X,551,16.655053720652607,8.274267100977198,14.52373015873016,25.987715179968703,17.488333333333333,1.0332272184639872,56.617927796757456,2.727259030410693,-5.121388888888888,38.498333333333335,17.713448078991505,0.7096242935086715,1.3156731191313225,4
4300Y,535,18.168519968676588,9.873449920508744,15.840217391304346,27.80667701863354,18.96923076923077,0.965563909800727,55.5700861393892,1.8689115113547377,-4.845277777777778,38.775277777777774,17.933227098124796,0.6757791811490277,1.0539326934962931,4
4325Y,459,18.1875,9.971955719557196,16.319202898550724,27.480072463768117,18.836996336996336,0.9032846715328468,54.12591240875913,3.5963503649635036,-5.529166666666667,38.74194444444444,17.508116744210923,0.6435811680527569,1.5252625896665721,4
4339X,590,16.623378264532434,9.097731239092496,13.982971014492755,25.243300653594773,17.399372056514913,1.8887727557319345,60.124684077506316,2.389111204717776,-5.368888888888889,39.314166666666665,16.145569414502276,1.0608317599382777,1.2205677055175999,4
4340,313,17.782922052487272,9.572784810126583,15.851708074534162,26.947187500000002,18.673626373626373,1.1662749706227966,58.74265569917744,2.6685076380728554,-5.461388888888889,39.10333333333333,17.37440268987342,0.773009089100825,1.2997849412394882,4
4347X,413,17.8066793088917,9.75235602094241,15.402626811594203,26.605237315875616,18.695604395604395,1.3238938053097344,55.7275600505689,3.481900547829751,-5.710277777777778,39.282777777777774,16.852881294933205,0.8432441431563552,1.500047185893316,4
4358X,274,18.35064705882353,10.165920000000002,16.785559006211184,26.93858695652174,19.28116169544741,0.95,53.94705882352941,1.8901372549019608,-5.880555555555556,38.95555555555556,16.77266695652174,0.6678293725756554,1.061303994042243,4
4362X,474,16.594296116504854,9.02122641509434,15.276086956521738,25.699456521739126,17.302049180327867,1.200242718446602,60.79247572815534,2.8543400082079433,-5.845833333333333,38.57638888888889,16.678230106644786,0.7885676808453794,1.3491997882616857,4
4386B,655,17.091879942942192,9.50854430379747,14.679715860408669,25.947826086956525,18.1010989010989,1.1094026621332456,54.224620997792506,3.7500787963396354,-6.016944444444444,38.23166666666667,16.439281783159053,0.7464048088929764,1.55816120661204,4
4395X,430,16.575107547907706,9.091930379746836,14.806521739130433,24.80093167701863,17.471350078492936,0.8667579194368401,56.80027286542745,3.127997652460572,-6.306666666666667,38.55166666666666,15.709001297271795,0.6242031932907339,1.4177924594922229,4
4410X,228,17.803462441314554,10.095490506329115,16.107776049766716,26.056366459627327,18.818995290423864,1.076643192488263,61.8014475743349,2.1391627543035994,-6.385555555555556,38.91583333333333,15.960875953298212,0.7307527402896414,1.143956125608913,4
4411C,467,17.01875978090767,9.293829113924051,14.943633540372671,25.666485225505447,18.051805337519625,1.4852503912363069,57.595657276995304,3.012812989045383,-6.231111111111111,39.1975,16.372656111581396,0.9103734155334254,1.3894924889144262,4
4427X,433,16.863189826583042,9.37231012658228,14.724844720496897,25.309006211180126,17.9234807840585,1.2105716523101018,58.431515369122394,2.7483391248317393,-6.4366666666666665,38.42583333333333,15.936696084597846,0.7932511482849928,1.3213128418282556,4
4436Y,371,17.49929605005866,9.633544303797468,15.771739130434783,26.013509316770186,18.442072213500786,1.0184591317950722,58.74579585451701,3.3003128666405943,-6.361111111111111,38.68888888888888,16.37996501297272,0.7023344142865042,1.4586877797365183,4
4452,186,18.08564724286273,10.265981012658228,16.56692546583851,26.306211180124226,19.06844583987441,1.0910246382479467,60.17129448572546,2.6330856472428628,-6.813888888888889,38.88333333333333,16.040230167466,0.7376542033746608,1.2900823277596596,4
4464X,283,17.17386796445197,9.64677137870855,14.941688073394495,25.318921568627452,18.034518167456557,1.3769360981802792,62.812103258569614,2.0918535759627592,-6.995277777777778,39.18194444444444,15.672150189918902,0.8658123046259807,1.1287707738350197,1
4468X,392,16.63701095461659,9.259018987341772,14.746656298600309,24.798240165631473,17.61433804290947,1.5109546165884193,61.38341158059468,3.022300469483568,-6.600833333333333,39.17666666666666,15.5392211782897,0.9206630061723767,1.391853995045293,1
4478X,174,17.868322252639814,10.134493670886076,16.194099378881987,26.087111801242234,18.924960753532183,1.1414939382088385,62.73562768869769,2.3429018380915134,-7.009444444444444,38.88611111111111,15.952618130356157,0.7615036874406755,1.206839243588216,4
4486X,275,17.541698630136985,9.651111111111112,16.221304347826088,25.36260869565218,18.773626373626374,1.149041095890411,62.066849315068495,3.569808219178082,-7.084444444444444,38.6975,15.71149758454107,0.7650217407396998,1.5194712388566411,4
4489X,170,17.548394160583943,10.396960926193922,16.09904891304348,25.227514792899406,18.831397174254317,1.0412043795620438,63.51459854014598,2.9949087591240873,-7.281944444444444,38.484722222222224,14.830553866705484,0.7135400157874097,1.3850207401899919,1
4492F,377,16.98115118577075,9.206444906444904,15.28344298245614,24.575229357798165,17.673062730627304,1.428013833992095,61.14723320158103,2.0652939684354745,-6.923333333333334,38.47277777777778,15.36878445135326,0.8870735708713392,1.1201434761871678,1
4497X,247,17.60988909426987,10.499629629629629,15.857089552238806,25.1029197080292,18.855925925925927,1.070702402957486,60.935536044362294,3.020864140480591,-7.158055555555556,38.37222222222222,14.603290078399572,0.7278878748197709,1.3914968398488259,1
4499X,771,15.72939949627166,8.483195020746889,13.16108695652174,23.817373439449028,16.587179487179487,1.7042330677290836,59.22746919518956,2.613317232062541,-6.271944444444444,38.081388888888895,15.33417841870214,0.9948183481530465,1.2846262512622098,4
4501X,602,16.621906507791017,9.129511278195489,14.493297101449276,24.919384057971016,17.685531135531136,0.9525664527956004,57.68927589367553,4.183638863428048,-6.311388888888889,38.20861111111111,15.789872779775527,0.6691446368749945,1.645507292932769,4
4511C,381,17.082520547945204,9.912638580931265,15.122766884531591,25.078043478260867,18.082967032967034,1.3435068493150686,56.184383561643834,3.8341477824684462,-6.765,38.29861111111111,15.165404897329601,0.8516484610625352,1.5757048532803664,4
4520X,586,15.093537787513691,8.484035476718404,13.073695652173912,22.607608695652175,16.09032967032967,1.6341896734147645,63.64895947426068,2.0720700985761225,-6.661666666666667,38.17833333333333,14.123573218933771,0.9685756103772527,1.1223516335720014,1
4527X,267,16.329104887424492,9.481838565022423,14.414782608695653,23.92391304347826,17.29802197802198,1.6070840197693574,62.67105985722131,2.0948380010982977,-6.975833333333333,37.98027777777778,14.442074478455838,0.958232362958833,1.1297355626336405,1
4541X,60,18.8722333000997,11.868333333333334,17.595454545454544,26.538085539714867,19.993736263736267,1.0080259222333001,62.93369890329013,2.6351226813915383,-7.52,37.55361111111111,14.669752206381533,0.6971521112248913,1.2906428604549005,1
4549Y,3,18.886712148731384,12.966444444444443,17.405228758169933,25.039063029481532,20.113781287564922,1.0448951434878586,66.11754966887418,2.3286423841059603,-7.395,37.19472222222222,12.07261858503709,0.7153465136021147,1.2025645284025137,1
4554X,15,17.29711974424942,12.024999999999999,15.697362637362637,23.08453089978577,18.389062499999998,1.2143805309734512,73.11646214225114,2.7631738167796307,-7.083611111111111,37.21833333333333,11.05953089978577,0.7949726943927419,1.32526270155692,1
4560Y,572,17.607119386637457,10.549002217294902,15.37304347826087,25.667391304347827,18.712967032967033,2.3156626506024094,56.41894852135816,2.8792716319824754,-6.675000000000001,37.86861111111112,15.118389087052925,1.1986574982625906,1.355647412297023,1
4575X,280,17.84372666168783,11.280193905817175,15.714240506329114,26.15434083601286,19.147863247863246,1.6679296488432542,61.96676624346527,2.8747627700254514,-6.767777777777778,37.57527777777778,14.874146930195685,0.9813027592061924,1.3544844402926575,1
4584X,270,18.57490923541623,12.002857142857145,16.82978260869565,26.379749999999994,19.78667797534142,1.7324817518248175,57.64294403892944,3.083055779872536,-6.942222222222222,37.73166666666667,14.376892857142849,1.0052102628485693,1.4068456737362929,1
4589X,276,18.272139197267293,11.624258289703317,16.237476459510358,25.382479338842977,19.200868878357028,1.5558688000204006,63.17826643894107,3.4518360375747226,-7.1194444444444445,37.59777777777778,13.75822104913966,0.9383922050023874,1.493316603798601,1
4608X,415,18.10634028892456,11.312254901960785,16.142661290322582,25.624015748031496,19.06912,1.6880417335473517,56.010634028892454,2.697191011235955,-6.630000000000001,37.67722222222222,14.311760846070712,0.9888129484136486,1.3075733451699882,1
4622X,145,18.361948818897638,11.699129746835444,16.747049689440992,25.697335423197494,19.273961661341854,1.3848425196850394,60.38877952755905,2.4816141732283463,-6.636666666666666,37.450833333333335,13.99820567636205,0.8691330926780986,1.247496029126236,1
4642E,18,19.08476854156297,12.726708074534162,17.323695652173914,25.62096153846154,19.96794871794872,1.4236187157789946,64.37182677949228,3.3239671478347437,-6.911666666666667,37.27833333333333,12.894253463927377,0.8852617603641263,1.4641733021150616,1
5000C,87,19.32221081451061,14.810595567867036,17.400543478260868,24.44735054347826,20.557967032967035,1.805886379192334,72.34188911704312,2.9713894592744694,-5.3469444444444445,35.88861111111111,9.636754975611225,1.0317194887693284,1.3791160232086561,1
5038X,782,18.148527271636144,10.143185229932039,14.582011521337549,27.859578454811466,19.683305419508535,1.2057472628334935,54.49464803703923,1.086210845783564,-3.003888888888889,37.91583333333333,17.716393224879425,0.7910663461960354,0.7353494280687507,4
5038Y,799,17.29017569059267,9.819166666666666,15.530570652173912,27.226269713463456,17.86519276103085,1.5359085534095387,54.87068219731059,2.156375136080928,-3.003888888888889,37.91583333333333,17.40710304679679,0.9305519765437277,1.1494242603307538,4
5047E,785,15.246491228070175,7.69974271012007,13.902908805031446,25.039800000000003,15.956051587301587,0.7162125623654081,56.37876743139901,3.1394062078272604,-2.735,37.505833333333335,17.340057289879933,0.5401198642367236,1.4205523494893868,4
5051X,1100,13.926213311262567,7.164856974942462,11.408441114974499,25.027810495742557,16.010062893081763,0.8622130343512115,53.13675435924805,2.370071585524627,-2.6527777777777777,37.86138888888889,17.862953520800094,0.6217655838845978,1.2149339861341006,4
5060X,1190,13.514711690363349,6.672617246596067,11.675854993160053,22.73771043771044,14.226007326007325,0.8176145339652447,57.25551585896877,3.0959413117048293,-2.228055555555556,37.86083333333333,16.06509319111437,0.5975249457524067,1.409996559437494,4
5103E,2152,7.94297520661157,3.3552486187845303,6.38804347826087,17.681553398058256,8.770802919708029,2.361016010266174,54.94793388429752,4.811404958677686,-3.2569444444444446,37.15833333333333,14.326304779273725,1.2122433122740728,1.7598223589590676,3
5103F,1534,14.200145985401461,7.50110497237569,11.111728395061728,24.196875,14.823076923076924,0.6897990922492436,48.28759124087591,2.47007299270073,-3.253888888888889,37.19111111111111,16.69577002762431,0.5246096415422647,1.2441756290979686,4
5107D,1197,14.371980360082295,7.6739463687749145,12.459937888198755,23.32291296625222,14.770329670329671,0.7865760407816482,49.243866672238724,3.2954465036371716,-2.986388888888889,37.18,15.648966597477305,0.5803009616850162,1.4575555089705046,4
5164B,771,17.51033852991253,9.86810631229236,15.893710691823898,27.39723247232472,18.00503190581785,1.240827025088816,55.84641596997311,1.9079515423155087,-3.4619444444444447,37.99666666666667,17.529126160032362,0.8068450053555191,1.0674488959545483,4
5165X,910,16.029143422285777,8.623544093178037,14.216044657582316,25.529255319148938,16.50595238095238,1.3080431664933398,56.41048610558519,2.2452332428188697,-3.563611111111111,37.78083333333333,16.9057112259709,0.8364000514576702,1.1771872251750992,4
5181D,580,17.21869853987088,9.797387239906268,15.855942496140239,27.360355648535563,17.872204458344747,1.2670651930294143,58.970996631940054,2.1324355767119823,-2.8897222222222223,38.31472222222222,17.562968408629295,0.8184861285135001,1.1418108414830601,4
5192,862,16.01185397867104,8.79014705882353,14.634651162790696,25.56654676258993,18.300584795321637,1.0291115606448011,47.14561115668581,2.6820021731431236,-2.6375,38.48916666666667,16.7763997037664,0.70759804240008,1.3034566730179697,4
5210X,680,17.048421183605832,9.140836322604866,15.415241057542769,27.009058614564832,17.419597069597067,1.310179945305125,56.36873843178455,1.487491280880005,-2.998055555555556,38.175,17.868222291959967,0.8373254199002663,0.9112746848706003,4
5246,770,16.91668981169265,8.74479301979207,15.130555555555556,27.1206772281356,17.011509324930238,1.6235159946013824,51.923509226001165,2.1890413422663877,-3.535277777777777,38.34444444444445,18.375884208343532,0.9645154007913326,1.1597203519659605,4
5270B,580,18.407808308156298,10.645971563981044,16.434586416558716,27.586180124223603,18.836577708006278,1.111336982017201,50.70836144835605,2.5511141516810008,-3.8091666666666666,37.7775,16.94020856024256,0.7473213875888728,1.2672613997920577,4
5279X,515,18.698835732430144,10.673344947735192,16.45706422018349,28.209735973597358,18.80054945054945,1.1847163420829807,52.55292125317528,1.4481795088907705,-3.6294444444444447,38.15111111111111,17.536391025862166,0.7814859995631473,0.8953446907569044,4
5281X,345,19.305366710188324,11.048321493753289,18.174145299145298,28.346284180786395,19.331270893165957,0.8962998102466794,53.56984050521076,1.1436193053274646,-3.7825,38.09305555555556,17.297962687033106,0.6399045190991884,0.7624956646287302,4
5298X,202,18.334658688807878,10.160548172757474,16.930390625,27.76783363472283,18.903471734751207,1.0661467116357504,55.63360057073602,1.8927395123761863,-4.0633333333333335,38.02305555555555,17.607285461965354,0.7256853805845831,1.0622039812820188,4
5304Y,665,17.01771689497717,8.549074074074074,15.18731884057971,26.90570652173913,17.247161172161174,0.873013698630137,56.60913242009133,1.9639269406392694,-4.059166666666666,38.66888888888889,18.356632447665056,0.6275487371725991,1.0865150582229222,4
5341C,710,16.25562414266118,9.165740740740741,14.370636363636365,24.75716878402904,16.586996336996336,1.730361225422954,55.62620027434842,1.475262917238226,-4.301666666666667,38.428888888888885,15.5914280432883,1.0044339174484906,0.906346619565895,4
5346X,720,17.154103790945896,9.79109589041096,14.944066455696202,25.775886524822695,17.369709543568465,1.9925285241074715,58.47221297937245,2.1908553951189575,-4.2725,38.18666666666666,15.984790634411736,1.0961186902700506,1.160289029791364,4
5361X,155,18.713903182365137,10.50783713927321,16.926981919332405,27.99891304347826,19.173763736263737,1.3345056719217288,60.393472601132615,1.5098275862068966,-4.330277777777778,38.013333333333335,17.49107590420505,0.8478001650346968,0.9202140600301502,4
5390Y,750,16.342532581895032,9.26673582295989,14.16100543478261,25.509838472834062,17.027038626609443,1.3234646784351807,54.2507925325819,2.582740401549841,-4.608888888888888,38.33305555555556,16.243102649874174,0.8430594675487927,1.2761279828790733,4
5394X,525,17.170786131136285,9.733125864453665,15.228610354223433,25.944254445964432,17.708137931034482,1.8624785444558873,59.43391692413319,2.101716443529008,-4.796666666666667,38.020833333333336,16.211128581510767,1.0516878734656778,1.1319556497215129,4
5402,90,19.382594417077176,11.054952830188677,16.853940217391305,28.09192229038855,19.753663003663004,1.4217022441160372,57.30651340996169,2.5859332238642585,-4.846666666666667,37.848888888888894,17.03696946019987,0.8844706995535997,1.2770187536666333,4
5406X,908,15.590075337778112,8.806982090654625,13.517798913043478,24.31400132265799,16.09513343799058,1.5419919737322147,58.149877264576396,1.9729661564351397,-3.9080555555555554,37.4975,15.507019232003366,0.932948015300521,1.0895601603101104,4
5412X,550,17.21730543605788,9.617535545023696,15.299378881987577,26.160730948678076,17.680690737833597,0.9642593903456137,56.25420414548299,3.1156824403597967,-4.207777777777778,37.484722222222224,16.54319540365438,0.6751152736888724,1.414804662507495,4
5427X,650,17.63803436516299,11.239421935663188,15.36233750713997,25.494297352342162,18.790561797752808,1.4240547928226013,53.60900652995612,2.602281009540252,-4.353888888888888,37.55611111111111,14.254875416678974,0.8854416722513477,1.2815672585747975,4
5429X,275,18.612321295591336,10.702766251728908,16.729178676828955,27.637414965986395,19.25096818810512,1.1426167582417583,57.32726648351648,2.4885302197802197,-4.462222222222223,37.81027777777778,16.934648714257484,0.762027866267128,1.2494805070456645,4
5459X,465,16.514561513437236,9.141776798825257,14.740349650349652,25.324704291696637,17.38273791683413,1.5281421022935577,59.54754155019559,1.4277800448085034,-4.928611111111112,38.11111111111112,16.18292749287138,0.927484686055112,0.8869772779933434,4
5470,120,19.387296496887583,11.506938159879336,17.402036869665583,28.000349151914495,20.00125698324022,1.4384305097176384,55.42083086630054,2.3626696002933625,-5.100555555555555,37.75305555555556,16.49341099203516,0.891354598619265,1.212735182404922,4
5473X,581,16.858576642335766,9.437198795180723,14.27826086956522,25.524573863636366,17.529807692307692,1.0991605839416059,57.628832116788324,3.0357664233576642,-5.686111111111112,38.26777777777777,16.087375068455643,0.7415375428867017,1.3951962275157623,4
5511,3092,3.3709359605911327,-1.5852459016393445,1.6660714285714284,11.719780219780219,2.935766423357664,2.423151485040106,53.080049261083744,4.843103448275862,-3.3713888888888888,37.06444444444444,13.305026121419564,1.2305616136199782,1.7652620680665863,3
5514,687,16.366289675300987,8.79971098265896,14.443885869565218,25.490680473372784,17.124332810047097,0.9985041955490697,53.09613279824882,3.018086358962766,-3.631388888888889,37.13722222222222,16.690969490713826,0.6923989985160841,1.390805759183863,4
5514Z,695,17.382875937295147,9.488991865290346,14.847927939061925,25.798595343724223,17.358333321355232,0.8241461953265429,51.93509935159592,3.226033553025764,-3.633333333333333,37.13611111111111,16.30960347843388,0.6011120393867938,1.4412638588276947,4
5515D,1258,14.73598263408226,7.3091456776265895,12.009620786516855,23.690864197530864,14.977146464646465,1.511947626841244,59.9273954204439,3.104875521148575,-3.5505555555555555,37.23694444444445,16.381718519904275,0.921058399201202,1.4121754187292894,4
5515X,775,17.936459589680343,10.095573997233748,15.687449752036025,27.08825721148186,18.757252440725246,0.9471868593410031,51.74036780631052,0.9528461384145324,-3.595555555555556,37.189722222222215,16.99268321424811,0.66638569473873,0.6692878666172448,4
5516D,2856,5.502474793767186,-0.48191881918819185,2.2800724637681156,13.878985507246375,6.24589552238806,2.438947378244465,54.26119319788465,5.248222844891062,-3.3869444444444445,37.06305555555555,14.360904326434566,1.2351654298630008,1.8322970784972277,3
5530E,560,16.938693123503253,8.619917012448134,15.1875,26.363586956521736,17.442307692307693,0.938761546356483,55.709544988026,2.516028053369826,-3.789722222222222,37.19027777777777,17.743669944073602,0.6620493910583732,1.257331958565226,4
5582A,760,18.143410760937808,10.38326548037814,16.41597516229,27.324023983023693,18.888583137475667,1.0579399298296237,45.96015583574768,1.9820251100747626,-4.152777777777779,37.16111111111111,16.94075850264555,0.7217054483705188,1.0926026368553043,4
5598X,465,17.99101906158358,10.578005865102641,16.017711171662125,26.667529585798817,18.995361635220124,1.0532624633431085,52.537390029325515,3.095344574780059,-4.547777777777777,37.23083333333334,16.089523720696178,0.719429973676047,1.4098508590104557,4
5612B,410,17.42317955510598,10.369961489088576,15.70128048780488,26.2767077043567,18.82202216066482,1.17860270396207,55.353769658937594,2.901699796584961,-4.77,37.19444444444444,15.906746215268123,0.7786837098120778,1.3614123034608314,4
5612X,450,18.215696071674707,11.000829875518672,16.372282608695652,26.64174825174825,18.969093406593405,1.285614000442198,55.900585802894554,2.8344019849566324,-4.826944444444444,37.27027777777778,15.640918376229578,0.8266346974154021,1.3440134865338766,4
5624X,309,18.102693056456847,10.668030690537087,16.319202898550724,26.822356091030787,19.17448275862069,1.3057977445310556,58.9769630110318,2.531976519288501,-4.685833333333334,37.48194444444445,16.1543254004937,0.8354267096442608,1.2618576347265524,4
5625X,200,18.158170148968626,10.631138107416879,16.236138014527842,26.94727210197407,19.42658998658894,1.352388690282743,62.22618836029272,2.4042764557661624,-4.763888888888889,37.63861111111111,16.31613399455719,0.8554312758564931,1.2250324223858036,4
5641X,130,19.25520855399637,11.54621010638298,17.316870824346392,27.747308720096534,20.057227091396452,1.2143533638145003,57.08216004519359,2.2831628844195944,-5.085,37.51611111111111,16.201098613713555,0.7949604258033001,1.188807251793599,4
5654X,200,17.074720447284346,9.451831210191083,15.248878205128204,25.70016155088853,18.00260663507109,1.9284744408945687,62.852835463258785,1.9411541533546324,-5.371111111111111,37.78666666666666,16.24833034069745,1.0744816187973265,1.078802073483717,1
5656,165,19.205891983735864,11.753099885189439,17.56478705846293,27.800244798041618,20.387973137973137,1.327280701754386,59.46505847953216,3.1764035087719296,-5.433055555555556,37.49722222222222,16.04714491285218,0.8447005052163634,1.4294504715761551,4
5702X,50,19.22218177751722,11.933179190751446,17.85217877094972,27.286009586544974,20.165024630541872,1.2754324245089417,57.34855844317222,2.862195836997948,-5.740555555555556,37.56555555555556,15.352830395793529,0.8221701110478523,1.3512358914203042,1
5704B,550,15.91870429950278,9.198214285714286,13.832234636871506,23.943914081145586,17.111430317848413,1.9988489319919966,60.39997075168178,1.7195502391982858,-5.769722222222222,37.92638888888889,14.7456997954313,1.0982285257045212,1.0004665133996282,1
5726X,720,16.53296053867428,9.45429411764706,14.393804347826086,25.163909028683488,17.451343101343102,1.6535343011851076,59.32640103694804,2.6953956333213,-5.819166666666667,38.09944444444445,15.709614911036429,0.9758924499726065,1.3070876212857034,4
5733X,450,17.828763127187866,10.931321839080459,15.941528239202656,26.13911483253589,18.753663003663004,1.708022170361727,57.690457910052416,1.6785863778175796,-6.075,37.79111111111111,15.20779299345543,0.9962185420038592,0.9852891843974289,1
5769X,618,16.480357723577235,9.337307692307693,14.901449275362321,25.23918918918919,17.026960110041266,1.91268841686493,61.217015943154124,1.771138211382114,-6.322222222222222,37.97361111111111,15.901881496881497,1.0690765092851633,1.019258142436377,4
5783,34,19.768752132541017,12.37859778597786,18.118236714975843,27.721445666418923,20.73333333333333,1.2229622871046228,57.7928618576963,3.2949348527052678,-5.879166666666667,37.41666666666666,15.342847880441063,0.7988406699729377,1.457436387150114,1
5788X,84,19.663015184381777,12.853251318101933,18.465213946117274,27.12665474060823,20.502564102564104,1.249284164859002,60.79045553145336,2.149652928416486,-6.059722222222222,37.361666666666665,14.273403422506298,0.8106120166446596,1.1472922653120354,1
5790Y,9,20.108785018270403,12.991532756489491,18.619565217391305,27.53774154589372,21.134126984126983,1.2139504216503887,61.124238733252135,1.8555115712545676,-6.005833333333333,37.36416666666667,14.54620878940423,0.7947784409238767,1.0492510113837235,1
5796,87,18.741750405186387,11.90469135802469,17.330108695652175,26.806058495821727,20.38469387755102,1.3843273905996758,59.10259319286872,2.1297244732576983,-5.6113888888888885,37.16444444444444,14.901367137797036,0.8689170680461155,1.1409449729641998,1
5835X,76,18.783350586611455,11.79533426183844,17.142187500000002,26.38840782122905,19.854876373626375,1.4242236024844719,63.29468599033817,2.418944099378882,-6.3341666666666665,37.36,14.593073559390609,0.8855113092021062,1.2293317605319491,1
5858X,5,17.896377654931626,11.97677752293578,16.853896816684962,23.940703218116806,19.172944785276073,1.157039504235559,69.78760546988653,3.3773930753564154,-6.443055555555556,36.98861111111111,11.963925695181025,0.7687366816739709,1.4764533589187097,1
5860E,41,17.738657549032446,12.755898370507866,16.541902173913044,23.002826633165828,19.195407779171894,1.1867597063756141,72.56791709412751,2.6548453526752813,-6.738055555555556,37.09805555555556,10.246928262657962,0.7824208620301044,1.2960537811370454,1
5891X,105,19.372470489038786,12.349298245614035,17.384873188405795,26.786378466557917,20.2447409733124,1.316399662731872,62.46859190556492,2.2865725126475547,-5.846666666666667,36.95333333333333,14.437080220943882,0.8400141107693627,1.1898452322686153,1
5906X,10,18.559874608150473,13.03732057416268,17.198447204968943,24.011102484472048,19.860989010989012,1.1822684653578215,75.66046238244515,3.240419278996865,-6.400555555555556,36.75,10.973781910309368,0.7803649162118299,1.4446621509107775,1
5910,21,19.001742160278745,12.978467908902692,17.266956521739132,24.983076923076926,20.095054945054944,1.3887506222000996,67.96963663514187,4.190642110502738,-6.3325,36.638888888888886,12.004609014174234,0.8707704770433111,1.646857410238458,1
5911A,913,15.548275862068966,8.77669642857143,13.197556390977445,23.260100166944905,16.221224165341816,4.3184735581176925,61.05259369179361,1.6654310344827588,-5.3741666666666665,36.76055555555556,14.483403738373475,1.6711863370168047,0.9803657835573838,3
5919X,530,18.20281717888101,11.218196202531646,15.761680000000002,26.32158385093168,19.31978021978022,1.2978876440163667,55.473207249802996,2.5025610717100077,-5.259444444444444,36.931666666666665,15.103387648400036,0.8319902852879956,1.2534944356822932,4
5941X,295,18.13716744913928,11.625158227848102,15.935093167701865,25.52161741835148,19.37032967032967,1.8871965791060434,59.826877934272304,2.3370305164319247,-5.512222222222222,36.72944444444445,13.896459190503377,1.060285989497459,1.2050813445976432,1
5950X,105,19.313807708598052,13.133610648918468,17.552959501557634,26.45909090909091,20.7014652014652,1.5055061414654807,60.367217280813215,2.0497670478610757,-5.783333333333333,36.66388888888888,13.325480260172442,0.9184907666082045,1.1150652099519243,1
5960,27,18.589826642335765,11.7489852398524,16.823550724637677,25.653532608695652,20.024908424908425,1.4829607664233577,65.05588503649635,3.3789461678832113,-6.055833333333333,36.75055555555556,13.904547368843252,0.9094517055245764,1.476808094499399,1
5972X,28,19.27786436394271,13.950666666666667,17.84697204968944,24.840068493150685,20.870329670329667,1.2606360572872788,68.67712721145746,3.4602990732940184,-6.205555555555556,36.46555555555556,10.889401826484018,0.8156462149645844,1.4952158205761474,1
5973,2,19.592748240813137,14.334439178515009,17.955124223602486,24.949767080745342,21.057770800627946,1.3461297888975763,70.9689210320563,4.381293979671619,-6.257777777777778,36.49972222222223,10.615327902230334,0.8527670721867491,1.6829288619217835,1
5983X,70,18.554653828519026,12.354520295202951,16.22563868613139,25.432051282051283,20.172477064220182,1.3505272810637323,67.51352590554791,4.652361302154975,-5.920277777777778,36.40611111111111,13.077530986848332,0.8546396779085169,1.732073387435057,1
5995B,186,19.02782938587589,13.727589165561154,17.109048361934477,24.81645962732919,20.365054786330262,1.7363547376664055,64.9456262987065,3.3779915180002837,-5.965,36.24555555555556,11.088870461768037,1.0066266469355725,1.476590061684515,1
5996B,4,19.08733804475854,13.774719101123598,17.162422360248446,24.761801242236025,20.494654088050314,1.3944348155512445,75.27615162260625,4.5022575579112685,-5.9094444444444445,36.18472222222222,10.987082141112428,0.8731472178579437,1.7051584730954574,1
5998X,255,20.029161747343565,12.621835443037973,17.91277258566978,28.40993788819876,21.061155698234348,1.1500590318772137,53.277253049980324,3.1490751672569854,-5.1125,37.24333333333333,15.788102445160785,0.7654952984497196,1.4228854581441972,4
6000A,52,19.905316653635655,14.761769352290681,17.86467391304348,25.654580745341615,21.26718995290424,0.7443901485535575,68.85828772478499,3.1690774042220484,-2.956388888888889,35.27638888888889,10.892811393050934,0.5564050095006565,1.4276947653422891,1
6001,32,18.24768712969535,13.925958702064898,16.5237805082801,22.906994047619047,19.877795275590554,1.5237231680236862,79.65292480841447,6.0844637139812585,-5.598888888888888,36.013888888888886,8.98103534555415,0.925735258799858,1.957904177120575,1
6032B,766,10.8,10.8,,,,2.262778979994459,69.46163209197653,1.1,-5.168333333333334,36.74972222222223,14.440254296680273,1.182579280102358,0.7419373447293773,1
6032X,760,16.794360049824146,10.105842517618813,14.352173913043478,25.465831196711758,18.11750465549348,1.6043070362473346,56.71087321201859,1.92859897997535,-5.168611111111112,36.75,15.359988679092945,0.9571666268607305,1.074524144841257,4
6040X,315,17.46008010826475,11.489956647398845,15.244045911047346,24.830743926261697,18.795696595810796,2.512280701754386,67.37436811270098,0.7981153384261155,-5.386388888888889,36.54444444444445,13.340787278862852,1.25626559904657,0.5867390821711742,1
6042I,42,17.945466048080977,12.016608391608392,15.779619565217391,24.310603588907018,19.025946372239748,1.7027932743563194,68.91522564318853,2.826233656684943,-5.3950000000000005,36.43555555555555,12.293995197298626,0.9942857842942069,1.3418809399021279,1
6045X,676,18.09245893479343,11.156639004149378,15.231847826086957,26.15412667946257,18.93278388278388,2.347187655550025,56.99054255848681,2.057491289198606,-5.203055555555555,36.6325,14.997487675313193,1.2081204874486695,1.1175947395803998,1
6050X,594,16.529603137978775,10.654905335628227,14.526377633711506,23.847766159695816,18.335101580135444,2.211767420396862,63.59206275957545,2.1459621596677434,-5.318611111111111,36.51861111111111,13.192860824067589,1.166821383872796,1.1461197764861077,1
6056X,1,18.665099557522122,13.794590643274853,17.10774456521739,24.327480916030535,19.871978021978023,1.7327112649739673,76.86762536873157,3.445206489675516,-5.2844444444444445,36.27305555555555,10.532890272755681,1.0052942537153435,1.4918263222570918,1
6057X,140,19.22344460900821,13.743535104448858,16.954782608695652,25.280447856685864,20.19267942457842,1.4650074664011945,67.6225499837646,3.646431909252219,-5.26,36.37833333333333,11.536912752237006,0.9021948364560679,1.5360995937062731,1
6058I,19,19.757086567143862,14.542572062084258,18.035316004397885,25.42951963948544,20.84654788418709,1.487931154299093,58.94424845039889,3.016385926324801,-5.155,36.41694444444444,10.886947577401184,0.9114515033924302,1.3903824749648193,1
6069X,392,18.18559921246013,12.366835878846942,16.234192111794858,25.062771739130437,18.976510989010986,1.8227926078028747,61.038595166261864,1.7312084788441902,-5.024722222222223,36.54361111111111,12.695935860283495,1.0377266813947845,1.0047441774923644,1
6076X,2,18.89143173748112,14.513298712266804,17.213043478260868,23.71108695652174,20.09942568743474,1.4137085866447052,68.87624035281146,3.4076350606394707,-4.953055555555555,36.48444444444444,9.197788244254935,0.8811643973455405,1.483338278187258,1
6083X,2,19.24425205949767,14.89359400998336,17.76744646261048,24.185315167841512,20.490089855982365,1.1101622196579695,72.8457036985109,4.081872629940172,-4.740277777777778,36.48333333333333,9.291721157858152,0.7467648258872431,1.6256798216047823,1
6084X,8,19.80651491106262,14.979743612485834,18.006081038459822,25.07824286611106,20.578152557727183,1.238546365914787,73.5798379348337,2.0992151318737764,-4.618333333333334,36.53861111111111,10.098499253625228,0.8058267114237465,1.1311488961682827,1
6088X,85,19.57373349660333,14.506972933161748,17.804710144927537,25.622560975609755,20.869541009509984,1.2442786069651741,60.104347062076975,1.6710447761194032,-4.515,36.62055555555556,11.115588042448007,0.8083841363552745,0.9824696977909082,1
6100B,515,18.78977493757821,10.70420616113744,16.566543909577124,27.010953966897315,19.109622738687722,0.8587493431424067,52.08992616332755,2.829144988882428,-4.5625,37.02388888888889,16.306747805759876,0.6199038654054305,1.3426415377700134,4
6106X,408,18.16387927627077,9.822041145943372,16.06689359973538,26.827078384798103,18.645870156768527,0.9873065015479876,58.738386275101696,1.9626732514190615,-4.748333333333333,37.02944444444445,17.005037238854733,0.6867802050950759,1.0860919862429401,4
6127X,172,19.153604234153512,13.348742727985293,17.884453781512605,26.891942356299577,20.268779342723004,1.0303916161059017,57.99860686112329,3.048255600239499,-4.696666666666667,36.85472222222222,13.543199628314284,0.7082286887860005,1.398286072343425,1
6143X,230,19.933006386861315,13.688745387453874,18.08894927536232,27.081159420289858,20.769139194139196,1.2893248175182481,54.210697465702175,2.740099936286537,-4.760833333333333,36.657777777777774,13.392414032835983,0.828256934580752,1.319112332001672,1
6155A,7,19.24641119221411,13.703087885985749,17.670217391304348,25.852882205513787,20.407967032967033,1.1806569343065694,62.34518241199347,3.9941909975669097,-4.482222222222222,36.66611111111111,12.149794319528038,0.7796261774175955,1.6082754365341159,1
6156X,54,20.001536939388107,14.23882743362832,18.07284345274364,26.477608695652176,21.1289010989011,1.2113300492610837,61.28631893743026,2.660290093048714,-4.4816666666666665,36.717777777777776,12.238781262023856,0.7935941667460991,1.2975424046681592,1
6172O,25,16.508,16.508,,,,0.4917708373284371,61.0,3.0480573405953346,-4.419722222222222,36.71666666666667,14.440254296680273,0.3999638957008698,1.398237097051671,1
6172X,25,19.816118714927523,14.500886917960088,18.147462550994906,25.568478260869565,20.956043956043956,0.9593099671412925,62.910186199342824,2.6612814895947428,-4.419722222222222,36.71666666666667,11.067591342909477,0.6725923536746333,1.2978132198998065,1
6175X,7,21.080645161290324,15.541326530612247,19.008152173913043,26.867523364485983,22.085714285714285,0.9460742544126597,62.76019476567255,2.929950180266707,-4.286111111111111,36.715,11.326196833873736,0.6658141404935235,1.3686267490238995,1
6199X,41,21.487773722627736,14.401652892561982,19.59673913043478,27.627450980392158,21.993406593406593,0.6485401459854016,60.824817518248175,2.610666046662109,-4.093611111111111,36.76861111111111,13.225798087830176,0.4998901362724883,1.2838922557870909,1
6201X,35,18.57559796405625,13.425765144579364,17.091911764705884,24.514225053078558,20.022067671897855,0.9716063005891935,66.46176330423405,2.346782176165303,-4.043888888888889,36.755833333333335,11.088459908499194,0.6788485915171351,1.2079993397902808,1
6205X,3,19.770067558736034,14.691394237693792,18.02092405453505,24.98023350240933,20.850065413724572,0.7182776532878601,70.59969029096278,3.055542337580395,-3.957222222222222,36.72638888888889,10.288839264715538,0.5413224247575891,1.400084424020163,1
6213X,169,19.467363889963423,14.357538802660754,17.59021739130435,25.187187963202632,20.647362637362637,1.1391018619934283,64.59967141292442,1.6857064622124862,-3.845277777777778,36.76277777777778,10.829649160541878,0.7603860502817105,0.9879438077703583,1
6248D,1732,12.021444695259593,7.36844262295082,10.20217391304348,19.7375,12.205109489051095,0.6693804196625274,48.763718284837594,3.201805869074492,-3.430277777777777,36.95222222222223,12.369057377049181,0.5124525513987367,1.4355144017064745,5
6258X,708,15.886645897730785,10.013692342559516,13.928571428571429,22.69580745341615,16.809105180533752,1.1043801329683223,61.09674152046115,2.233664478669575,-3.4925,36.92305555555555,12.682115110856635,0.744020950119213,1.1736160076804323,1
6267X,20,18.434630739077253,13.341786037584301,16.713478260869564,23.89368880293177,19.703721708254793,0.8553121577217963,68.6011567802243,2.4157561001423855,-3.578611111111111,36.748333333333335,10.551902765347469,0.6180529609973677,1.2283988741215333,1
6268X,12,16.665817367437295,16.998473283425145,,27.297382537463776,15.306172633085612,4.252,77.03549274517992,2.510658631246005,-3.5302777777777776,36.72277777777778,10.29890925403863,1.6586089564405497,1.255803664104429,0
6268Y,3,19.76685187965262,14.91212860689436,17.881007349915183,25.130070207135805,21.07042271752685,0.5784671532846716,66.77246415830521,2.608621572930083,-3.529166666666667,36.723888888888894,10.217941600241446,0.4564542199838638,1.2833258636735163,1
6272X,235,19.19167731102896,13.720049916805324,17.22860470985203,25.60949130490559,20.665419887333726,0.9551999999999999,61.498804126334534,2.9059368421052634,-3.38,36.73416666666667,11.889441388100265,0.670492489995139,1.3624976628678624,1
6277B,8,19.707683680696107,14.85134066995966,18.211616945551793,25.346693137569286,21.086055915060193,0.43099721059534657,68.65917255585458,2.3667758421955116,-3.020555555555556,36.74722222222222,10.495352467609626,0.35837155130291476,1.2139555630282202,1
6281X,1020,17.462627527974735,10.346947994712034,15.011521739130433,25.76304347826087,18.617802197802195,1.1217072680288993,47.09935116036015,2.357054430756022,-3.071388888888889,37.00527777777778,15.416095483548835,0.7522210796996668,1.2110639319731,4
6291B,98,20.743158182813357,15.125442477876106,18.66586956521739,27.156086956521737,21.94054945054945,0.36808976464148874,60.16885604816639,3.1942403067726817,-2.813055555555555,36.77472222222222,12.03064447864563,0.3134154344756183,1.433712228590464,1
6293X,3,19.07558509215851,13.224035989717223,17.321657730159227,24.67961883740997,19.99212962962963,0.21846431288918328,72.09878832083511,4.156211376426589,-2.7016666666666667,36.68694444444444,11.455582847692746,0.197591305914536,1.64020208044038,1
6299I,2300,8.0948,3.363186813186813,3.6031250000000004,19.128301886792453,7.179999999999999,3.2420144178781034,58.144,6.7718,-2.9644444444444447,37.09583333333334,15.76511507360564,1.4450382549764371,2.050501797782128,3
6302A,869,17.388667959643815,10.761128881260728,15.243970318790833,25.383522727272727,18.268925233644858,0.5923981414689614,48.724235570477084,2.072931093078788,-2.78,37.14138888888889,14.622393846011999,0.46524114501759756,1.1226318595577893,4
6307C,1713,14.863186813186813,8.181967213114755,11.386956521739132,22.948666666666668,14.435164835164837,0.850404787418969,47.637362637362635,2.283150183150183,-2.897222222222222,37.05305555555555,14.766699453551913,0.6154044191663808,1.1888033831783562,4
6307X,1510,14.275522917175905,7.739100732640062,11.76600352751009,22.507363013698633,14.86449814126394,1.473666002877885,49.829595366259326,3.4569524972428507,-2.9125,37.03333333333333,14.768262281058572,0.9057012619778019,1.4944652358961457,4
6312E,601,20.229888268156426,13.120796460176992,17.377173913043475,27.566,20.03956043956044,0.41154562383612664,48.43016759776536,2.6212290502793296,-2.677222222222222,37.020833333333336,14.445203539823007,0.344685291133507,1.2868134848666921,4
6325O,21,19.89947179288317,13.995465258302414,17.82481884057971,26.479891304347824,21.204945054945053,0.5214644160583941,64.89575729927007,4.533576642335767,-2.3569444444444447,36.84638888888889,12.48442604604541,0.4196733026731796,1.7108343772341335,1
6329X,42,20.167330943914514,15.095806962025316,17.96761006289308,25.876462336250487,21.623445575341886,0.4754725198077219,69.09287717036008,4.959317379364457,-2.1930555555555555,36.721944444444446,10.780655374225171,0.38897829090192027,1.7849559408540958,1
6332X,16,19.949957124406072,14.457312232384329,17.311983738004287,24.629349830453652,24.415384615384617,0.4901279597329437,66.80641944898188,4.67994625019556,-1.903611111111111,36.98027777777778,10.172037598069323,0.3988619952853747,1.7369417696945462,1
6332Y,222,19.874360370858778,13.979431438127092,16.842035163682993,26.17136637674092,20.910391680355147,0.5720706260032102,66.31432681705536,4.479076345821859,-1.9069444444444443,36.94222222222222,12.191934938613828,0.4523936204807638,1.7009365367212637,1
6335O,970,18.28150183150183,10.815573770491802,15.569565217391302,26.535999999999998,17.853846153846153,0.47655677655677653,48.5970695970696,3.1152014652014652,-2.6991666666666667,37.11,15.720426229508195,0.38971287493816037,1.41468779166728,4
6340X,7,19.01329276856273,13.559068219633943,17.104192546583853,25.244548550008105,20.603761853721153,0.5485473684210526,72.76949744701834,4.070086599339601,-1.8166666666666669,37.178888888888885,11.685480330374162,0.43731730983801115,1.6233578981948116,1
6364X,508,19.173601877199843,12.24897151898734,17.187189440993787,27.086335403726707,20.052433281004713,0.5640315362427706,53.270825185764565,3.534434884630426,-2.151388888888889,37.406666666666666,14.837363884739368,0.4472668057579205,1.5117004638135003,4
6367B,300,18.536815796489787,12.079983165120646,16.450465838509313,25.816537267080744,19.692525323811836,0.5737148817285966,47.370442468557776,2.1754881056462008,-1.9436111111111112,37.39055555555556,13.736554101960097,0.45343899110192154,1.1554613545905805,4
6375X,420,17.44839161863551,10.078707758179679,15.585869565217394,25.806065691592554,18.193701350542923,0.8915917090340243,54.93483097319347,3.400313463252406,-4.741944444444444,37.13222222222223,15.727357933412875,0.637418648734007,1.4816757800349238,4
6381,15,16.859906934013356,15.077166525049794,17.097162459997723,23.6687971767401,,0.46907605817277476,63.12667405272068,7.973529411764707,-3.036111111111111,35.93833333333333,8.591630651690306,0.38463367132643644,2.1942790671064625,2
7002Y,32,19.956070287539937,14.15239852398524,17.692028985507246,26.41240942028986,21.48165137614679,0.6555454130534003,55.57097215883159,2.52555910543131,-1.5869444444444445,37.41722222222222,12.260010896304617,0.5041305092528442,1.2600390351566377,1
7007Y,66,20.257393209200437,14.169844789356983,17.883913043478262,27.120869565217394,21.752087912087912,0.6536692223439211,64.54271631982475,3.2241785323110626,-1.2305555555555556,37.58805555555556,12.951024775860411,0.502996590110556,1.4408248116828974,1
7012C,17,19.63268704379562,13.542158671586716,17.16286231884058,26.443840579710145,21.289560439560436,0.8357664233576643,66.96076642335767,1.8724476412426052,-0.9877777777777778,37.60111111111111,12.901681908123429,0.607462063711669,1.0551645029828667,1
7012D,56,18.72385125532923,12.478367346938775,16.140761904761906,25.43566243194192,20.041651376146792,0.9596399810516343,67.47418285172904,2.6329227854097588,-1.0233333333333332,37.60444444444445,12.957295085003146,0.6727607732336911,1.2900374993412396,1
7019X,3,19.763387715930904,13.323271889400923,16.963405797101448,26.18695652173913,21.219047619047615,0.9452975047984645,74.3358925143954,4.231765834932822,-0.7155555555555555,37.63583333333333,12.863684632338208,0.6654149241386879,1.6547488568331243,1
7020C,205,18.86303395399781,12.564855875831485,16.590760869565216,25.997608695652172,20.19010989010989,0.8448452906819635,58.54381161007667,3.846029572836802,-1.1280555555555556,37.8075,13.432752819820687,0.6123954206876983,1.578159724900848,1
7023X,140,19.402190580503834,12.714855875831486,17.176304347826086,26.899130434782606,20.70175824175824,0.7791894852135816,59.823932092004384,2.8780474894261703,-1.1672222222222224,37.72638888888889,14.18427455895112,0.5761579152171743,1.355331802600604,1
7026X,50,18.920986049851095,12.64058823529412,16.88025362318841,26.1440263702253,20.625934065934064,0.9339970134395222,65.29210275046265,2.0450144316466123,-0.9675,37.73888888888889,13.503438134931182,0.659588852789746,1.1135056406076447,1
7031,4,18.597426067907996,12.231929046563192,16.463478260869564,25.42891304347826,20.1578021978022,0.9872672508214677,68.12280395642935,3.1713778732819886,-0.8033333333333333,37.78888888888888,13.196983996915069,0.6867604541839258,1.4282464064797897,1
7031X,4,19.09066265060241,12.684368070953436,16.80804347826087,26.065108695652174,20.697252747252747,1.017196056955093,69.91018619934283,4.3545728368017524,-0.8058333333333334,37.77833333333333,13.380740624698738,0.7017084565065919,1.6779509316800385,1
7066Y,680,17.21699889258029,9.17,15.335978260869567,26.5987556561086,17.965198237885463,0.9828349944629015,56.03986710963455,2.388753943507667,-2.218888888888889,38.39333333333333,17.4287556561086,0.684527636021502,1.220462285535754,4
7067Y,1485,11.536448900388097,4.447058823529412,8.963942307692308,20.16265664160401,11.835360360360362,1.1891332470892626,56.32498072460664,3.277484675227493,-2.4130555555555557,38.08833333333334,15.715597818074597,0.7835056879029786,1.453365144130802,4
7072Y,960,16.097393483709272,8.708854166666667,13.758662280701754,24.6921359223301,16.4405330882353,1.0468170426065164,54.247368421052634,2.6970075708218406,-2.2938888888888886,38.295,15.983281755663432,0.7162859243781354,1.3075237277808645,4
7080X,955,15.404562043795622,8.467804428044278,13.245652173913044,23.711865942028982,16.074542124542127,1.4733120437956204,56.31204379562044,2.879258710138603,-1.986388888888889,38.26833333333333,15.244061513984704,0.9055581608443305,1.355644081294036,4
7096B,605,17.250717905405406,9.804203152364273,14.808727272727271,25.687091503267975,17.931023622047245,0.9389146959459459,55.37014358108108,2.4877744932432435,-1.7030555555555555,38.54194444444444,15.882888350903702,0.6621283814536373,1.2492638517901906,4
7103Y,615,17.369634703196347,9.955462962962965,15.273731884057968,26.03088768115942,18.064835164835166,0.9115525114155251,53.9175799086758,2.587111633596844,-1.6894444444444443,38.58805555555556,16.075424718196455,0.6479157450903804,1.2773473197823075,4
7119B,643,16.629187001245732,9.371963864217301,14.756055900621117,24.90861801242236,17.352747252747253,0.9873289010559249,50.6278908985112,2.2765036544187596,-1.8772222222222223,38.10305555555556,15.536654148205058,0.6867914763215753,1.1867768948390052,4
7121A,350,18.206036848294787,10.663275039745628,16.368330733229328,26.63711180124224,18.979591836734695,0.9410427283418267,52.98608388867111,2.437279498235986,-1.702222222222222,38.23416666666667,15.973836761496614,0.6632253175158437,1.234680314967536,4
7127X,690,17.14491591709034,10.115427215189873,15.142391304347827,25.204813664596273,17.995290423861853,1.0477121626906531,58.620903654146375,2.734546271955788,-1.695277777777778,38.049166666666665,15.0893864494064,0.7167231517386039,1.317626331140095,4
7138B,485,16.885412592882282,9.281012658227848,14.924378881987577,25.565993788819874,17.636734693877553,0.7177942901838091,56.8592100117325,2.6597184200234647,-1.3352777777777778,38.45888888888889,16.284981130592026,0.5410410784323716,1.2973862100338522,4
7145D,265,18.784971194613725,11.514411649396438,16.83514492753623,26.956884057971017,19.707129455909946,0.8060461425403979,56.37281586077049,2.55075916142544,-1.3805555555555555,38.23277777777778,15.442472408574579,0.5911400042478094,1.2671614289138948,1
7158X,150,20.068635948905108,13.398431734317343,18.02536231884058,27.684329710144926,21.056318681318682,0.8045424188553274,55.11587591240876,2.9084332725418656,-1.3058333333333334,38.12805555555556,14.285897975827583,0.5903070520869959,1.3631365961369304,1
7172X,255,18.826359014470082,12.018512658227849,16.931832298136648,26.538354037267077,19.699372056514914,0.795192765083735,56.18146265154478,2.726359014470082,-1.4491666666666667,38.04138888888889,14.519841379039228,0.5851124061931408,1.3154316213943669,1
7178I,62,20.220802919708028,13.144464944649448,18.16268115942029,28.09619565217391,21.364102564102563,0.9735401459854015,55.159671532846716,2.6141097161548084,-1.1708333333333334,38.00194444444445,14.951730707524463,0.679828958445098,1.2848455503574814,1
7195X,985,14.832158245201724,7.567632450331127,12.32409420289855,22.99642857142857,15.226413793103447,0.8030305208437479,56.316992164491566,2.575846938622899,-2.058333333333333,37.92611111111111,15.428796121097443,0.5894688718891921,1.2742020539967007,4
7203A,646,17.164942980731418,10.092879746835443,15.072547468354427,25.359890965732085,17.998194662480376,0.6192292567833267,53.12033031852143,3.098545025560362,-1.8697222222222225,37.844722222222224,15.267011218896641,0.4819502686133651,1.4106320389138132,4
7209,312,18.480646725512894,11.438432058756883,16.683008526187574,26.61536458333333,19.43490821866435,0.6417662271946429,57.15983620334919,1.3373515577064152,-1.6872222222222222,37.65472222222222,15.176932524576449,0.4957726301239369,0.8490184754396664,1
7211B,445,19.35288542544229,12.314834205933682,17.118387681159422,27.17205882352941,20.107849293563582,0.668033061958439,53.41533277169334,2.8553552961582396,-1.797222222222222,37.56805555555556,14.85722461759573,0.5116451250581242,1.3494631677899507,4
7218Y,281,20.405474162128957,13.510559006211182,18.20710300894248,27.718568840579714,21.1003663003663,0.7488344973809974,56.25421686746988,2.3048192771084337,-1.5127777777777778,37.75861111111111,14.208009834368532,0.5589495645613338,1.1953817901469597,1
7227X,157,18.800049367234898,11.821327014218008,16.996739130434783,26.727173913043476,19.543840316148934,0.8607505863956216,59.311924417362675,2.53921032056294,-1.334722222222222,37.861666666666665,14.905846898825468,0.6209799473972242,1.2639036289738315,1
7228,75,19.421289537712894,11.984624846248462,17.655072463768118,27.504106280193238,20.417460317460318,0.945544403892944,57.038929440389296,2.765948923218297,-1.228611111111111,37.95777777777778,15.519481433944776,0.6655418370796939,1.3259998675349944,1
7237E,170,19.142214236824096,12.173582295988934,17.409727891156464,26.993070652173916,19.875,0.8210814510609171,58.968685831622174,3.00886379192334,-1.158611111111111,38.138888888888886,14.819488356184982,0.5994305284991058,1.388507857509064,1
7244X,26,19.29972627737226,12.365436654366544,17.592270531400967,26.808333333333334,20.318315018315015,0.8249387947110223,59.12712895377129,2.2104470802919707,-0.9813888888888888,38.06777777777778,14.44289667896679,0.6015464493274268,1.1664102047932585,1
7247X,575,16.06641718190693,8.923771580345287,14.131940509915017,23.852452830188682,16.743162393162393,1.0339407744874716,56.10232095662553,1.8094285199554565,-1.0380555555555555,38.39972222222222,14.928681249843395,0.7099751794479994,1.0329810889810906,4
7250C,174,18.343655950752392,12.012383488681756,16.704649758454106,25.7295197740113,19.729356357927788,0.8824897400820794,60.48632010943913,2.718889136759495,-1.033888888888889,38.19444444444444,13.717136285329545,0.6325952305214576,1.313425004538805,1
7261X,31,19.22060178077986,13.025277435265105,17.28448060075094,25.95217391304348,20.43870573870574,0.85312165257464,64.96499846484495,2.8683911575069083,-0.7152777777777777,38.08805555555556,12.926896477778376,0.6168715968345053,1.352838699031078,1
7275C,640,16.112942357609878,8.704501385041551,14.017663043478262,24.667005162371776,16.935082872928177,0.9146333104866348,53.50034174795025,3.0917237834132965,-1.159722222222222,38.60166666666667,15.962503777330225,0.649526121522839,1.4089663442013902,4
8005X,622,15.425696055684455,8.322900158478605,13.382737169517885,23.508444444444446,15.958869701726844,1.1584447365968542,63.78963650425367,2.3723828919509327,-0.7958333333333333,38.78,15.185544285965841,0.7693879329971322,1.2156195840938828,4
8008Y,486,15.57013725490196,8.352056962025317,13.730533751962325,23.671273291925466,16.38100470957614,0.7797057575004922,62.961176470588235,3.420372549019608,-0.8655555555555555,38.57694444444445,15.319216329900149,0.5764480458646492,1.4862239796461567,4
8013X,233,19.25031554551967,12.649050632911393,17.3503120124805,26.606309251389344,20.27971892543524,0.9119168953351627,58.627499756670346,2.669281267987307,-0.7577777777777778,38.38555555555556,13.957258618477951,0.6481063489017239,1.299995803101889,1
8018X,110,19.185730565938055,12.997689075630253,16.961141304347827,26.089877717391307,20.53304317609102,0.899243726366449,59.817458923471975,2.641854220504991,-0.6805555555555555,38.2875,13.092188641761053,0.6414557681794418,1.2924929531855183,1
8019,43,19.23359309182814,13.062652705061081,16.904528985507245,26.024019607843137,20.27888540031397,1.2070766638584667,62.79507160909857,3.7952822240943553,-0.5708333333333333,38.282777777777774,12.961366902782055,0.7916688633538804,1.567632564600075,1
8025,81,18.923831578947368,12.897337770382697,17.213819875776398,25.810787671232877,20.208058608058607,0.8693473684210525,61.75557894736842,2.214583901447744,-0.4941666666666666,38.3725,12.91344990085018,0.6255893691071702,1.1676979251915502,1
8036Y,36,19.020777891504604,12.96908315565032,16.467573696145124,25.754709418837678,20.12899082568807,0.9078300921187308,64.51228249744115,2.224261076508307,-0.1377777777777777,38.54361111111111,12.785626263187357,0.6459665188086481,1.1707038004316064,1
8050X,15,18.748768465686577,12.577190542420027,16.487833425143492,25.603405994550407,20.057858136300418,1.4914231409319638,62.00765840204382,2.910315657539227,0.1666666666666666,38.78416666666666,13.02621545213038,0.9128540897513412,1.3636181015671631,1
8057C,60,19.902720880464692,13.657626076260764,17.804090354090352,27.258048780487805,20.836385836385837,1.9581473555487618,61.40782635279731,2.042647508407215,-0.1183333333333333,38.84666666666667,13.600422704227041,1.084563178987241,1.1127280273360884,1
8058X,5,17.68330760828821,12.107662835249041,15.774488054607506,24.615774382563828,19.06360691144708,1.5810436893203883,68.50143898677514,2.18519100744017,-0.0958333333333333,38.928888888888885,12.508111547314787,0.9481938478773608,1.1585122581647707,1
8058Y,12,19.450243383024034,13.403013530135302,17.301209189842805,26.404589371980677,20.592429792429794,1.4577912050895874,64.97946455734713,2.4667944318064974,-0.1377777777777777,38.95027777777778,13.001575841845375,0.8992630624949575,1.2432303721288738,1
8059C,530,17.16429049073812,10.711061381074169,15.222101449275364,25.24497195803864,17.996288515406164,1.3576447625243981,56.45284801880289,2.293442500035293,-0.46,38.71083333333333,14.533910576964471,0.8576631387407465,1.1919333703262869,4
8072Y,340,17.337658336186237,10.979322268326417,15.142663043478262,24.853125000000002,18.275964187327823,3.012769599452242,69.12238959260527,2.1058199246833276,-0.3047222222222222,39.01694444444444,13.873802731673585,1.3894816760936342,1.1332777464467299,0
8084Y,1154,11.069515936703693,4.300742652079208,9.852238684371063,19.94993725634703,11.501041472057281,1.7409738323948327,60.34383844241506,2.5113179218912736,-1.9258333333333333,40.2225,15.649194604267823,1.0083132705384248,1.2559914433264805,4
8096,949,14.748357664233577,6.841943419434195,12.662198067632849,24.282367149758453,15.067155067155067,1.4016727493917274,54.74756690997567,1.8315085158150852,-2.1319444444444446,40.06722222222223,17.44042373032426,0.8761654734901173,1.0408096140950422,4
8155Y,830,14.540658449562114,6.414829931972789,11.88593964334705,23.978401997503127,14.966259168704159,1.1669153421991567,59.68374959455076,2.7044761595848197,-1.9152777777777776,39.555277777777775,17.563572065530337,0.7733046549702156,1.3095418613254064,4
8175,702,15.473448905109489,7.095448954489545,13.465217391304348,25.14987922705314,16.037606837606837,1.0422749391727495,58.20042579075426,3.854721243689735,-1.856388888888889,38.95416666666667,18.054430272563597,0.7140643527812675,1.5799516837591163,4
8177A,880,14.58162393765573,6.498713978937112,11.984040880503144,23.88771518562667,15.25607849839573,1.123210675293166,55.84447407760622,3.7026688232915492,-1.6588888888888889,38.9375,17.38900120668956,0.7529294125094876,1.5481301823017524,4
8178D,674,16.11854893908282,7.844459833795014,14.030434782608696,25.713586956521734,16.735027472527474,1.033350444900753,59.20294318959617,1.2948323066392882,-1.8622222222222224,39.00555555555555,17.86912712272672,0.709684898000706,0.83065977184035,4
8193E,372,16.265519843594873,8.740868211160501,14.852195121951219,25.317438494934876,17.136891679748825,1.209865470852018,59.78265986616166,1.7425324035670955,-1.0944444444444443,39.208333333333336,16.576570283774373,0.7929316407591913,1.0088817284364069,4
8198Y,710,15.05316173038162,7.519159424304803,12.964596273291926,23.775583203732502,15.75677966101695,1.052001601281025,60.11349079263411,1.8205049842042158,-1.0630555555555556,38.85055555555556,16.2564237794277,0.7188157076595953,1.036915941331314,4
8203O,855,15.161197437457465,8.31443381312794,12.53904923599321,24.201974789915965,15.853087797619047,0.874597423510467,60.688316309076555,3.2107593785611783,-1.100833333333333,39.08277777777778,15.887540976788026,0.6283939289083431,1.437643006383833,4
8210Y,1160,11.274943395526758,4.476198128427971,9.229313299056386,20.063227016885556,11.95422046048691,1.4192643652643777,59.275018048872546,2.3024956824086065,-1.503611111111111,40.10305555555556,15.587028888457585,0.883463512661204,1.1946784500428926,4
8245Y,815,13.26236829374492,5.679485294117647,11.174145006839945,21.807007742616417,13.840732758620693,1.2070724841660803,59.90815223634219,2.619760948410773,-1.4425,39.714444444444446,16.12752244849877,0.7916669695835314,1.2864079873065686,4
8270X,305,18.072940974605356,11.055331412103746,15.740527950310561,25.776928104575163,18.6632552404439,1.471980011945595,59.87765313242006,1.8909059711736447,-0.79,39.13361111111111,14.721596692471417,0.905019453780228,1.0615699378334076,1
8283X,350,17.760813453265545,10.547943037974683,15.788664596273295,26.046428571428574,18.534222919937207,1.6847396841614832,62.16581931951506,1.1522096206491983,-0.6077777777777778,38.82944444444445,15.498485533453891,0.9875837713655247,0.7664950449206178,1
8293X,88,19.124717218043745,12.181358381502891,17.44895053425306,27.299775055713035,20.069387755102042,1.3356190645374746,55.08297114679636,2.5706776556776556,-0.5230555555555556,39.001666666666665,15.118416674210144,0.8482769799806223,1.2727553972956531,1
8300X,25,18.65259677419355,12.129385403329064,16.757125603864733,26.310000000000002,19.763016528925622,1.8820483870967744,64.4124193548387,2.3609516129032255,-0.4458333333333333,39.11333333333334,14.180614596670939,1.058501286852342,1.2122241520023904,1
8309X,758,14.777407152682255,7.204178272980502,13.081377899045023,23.435646258503397,15.216412742382271,1.0862638727466059,56.36795048143053,3.656980742778542,-1.2447222222222225,39.57555555555556,16.231467985522894,0.7353748455807175,1.538367328878644,4
8325X,12,17.85809239831388,11.951809136137495,16.298470878996167,24.860464043454925,19.07883895131086,1.6021025576197856,61.42316817415564,1.9321193201526188,-0.3719444444444444,39.18472222222222,12.90865490731743,0.9563197942327765,1.0757254790192101,1
8337X,186,17.65205338809035,11.254979253112033,15.852513586956523,24.823777173913047,18.575240715268222,1.244472259667036,62.68822724161533,2.4712463971517464,-0.6247222222222223,39.39222222222222,13.568797920801014,0.8084704199151047,1.2445137217274216,1
8354X,1130,11.994924326319675,4.880173661360347,10.261643835616438,20.8125,12.518509615384616,1.172831303063861,57.879291251384274,2.5860280546327057,-1.4413888888888888,40.41972222222222,15.932326338639653,0.7760310650641136,1.277045198530115,4
8368U,902,13.719160583941607,5.485822021116139,11.866770186335405,22.892765957446812,13.972252747252746,1.102153284671533,58.964963503649635,1.9556934306569345,-1.1241666666666668,40.35083333333333,17.406943936330673,0.7429621930460041,1.0837332868337726,4
8376,1430,11.311720356408498,4.449791376912378,8.939673913043478,20.016054421768708,11.698901098901098,1.453050034270048,58.802636765899386,3.8339616175462647,-1.4116666666666666,40.23611111111112,15.56626304485633,0.8973321622432402,1.5756663421476305,4
8381X,705,14.165208825847126,6.344707740916271,12.635403726708075,23.104326923076922,14.726530612244897,1.0958628841607565,61.56264775413712,2.4762202942271627,-1.283611111111111,40.06055555555555,16.75961918216065,0.7399653464567195,1.2459455811795546,4
8395X,515,16.544602032176122,10.122462562396008,14.851009316770185,24.21081314878893,17.50807050092764,1.2259949195596953,56.80397967823878,2.8587214225232853,-0.9936111111111112,39.75333333333333,14.088350586392922,0.8002039705325524,1.350335890917151,4
8409X,198,17.932544031311156,11.302290679304898,16.120652173913044,25.38946957878315,18.849215070643645,1.0049706457925636,58.53013698630137,2.719647749510763,-0.653888888888889,39.66388888888888,14.087178899478252,0.6956294201488973,1.3136289728098498,1
8414A,56,18.383659108678657,11.624960505529227,16.554037267080744,25.77826086956522,19.473783359497645,1.221931196247068,59.953870211102426,3.85199374511337,-0.4747222222222222,39.485,14.153300364035992,0.7983767259527215,1.5793897019452288,1
8416,11,19.207818608287724,13.24470774091627,17.31413043478261,25.725155279503106,20.459026687598115,1.3346755277560594,60.26062653470377,1.8585093429652328,-0.3663888888888889,39.480555555555554,12.480447538586835,0.8478729211892094,1.0503002802018484,1
8416X,6,18.431676730900893,12.750949367088609,16.56822503961965,24.75813619416547,19.681937602627258,1.0418247693017335,70.8810379241517,1.3165389229166116,-0.3372222222222222,39.47944444444445,12.007186827076861,0.7138439027898508,0.8400742282011858,1
8416Y,11,19.115459883943533,13.154199688551074,17.231366459627328,25.6527950310559,20.318081761006287,1.2319268267012058,56.85779839461529,1.7056688929488037,-0.3663888888888889,39.480555555555554,12.498595342504824,0.8028652602456472,0.9953491619326197,1
8439X,400,15.869443871103798,9.845847176079735,14.313477041167367,22.977874564459928,16.92533718689788,1.0661100915965172,61.54531035953502,1.9193886276186403,-0.4852777777777778,39.79555555555555,13.132027388380193,0.7256676565945323,1.0713742202551675,1
8446Y,24,18.239183021451392,11.773339483394835,16.41213768115942,25.271195652173912,19.397614678899085,0.9985050442298635,66.83614787768143,2.3219415858385615,-0.2588888888888889,39.700833333333335,13.497856168779077,0.6923994231739936,1.2005494270023545,1
8458X,1380,10.751411715128528,3.456818181818182,8.589673913043478,19.15964052287582,11.096703296703298,1.449599662873999,63.38528574418007,3.98621997471555,-0.8494444444444444,40.43055555555555,15.702822341057637,0.895924608296354,1.6066781026030144,4
8472A,601,15.845207355242566,9.227768987341774,13.901242236024848,23.48610248447205,16.65243710691824,1.4500782472613458,62.63654147104851,2.803423317683881,-0.5469444444444445,40.08777777777778,14.258333497130275,0.8961199617043316,1.3359015342644405,1
8486X,1515,10.929796397807362,4.5340189873417724,8.60139751552795,19.085491419656787,11.422448979591838,1.7578308535630385,61.870197798879445,4.297361613229764,-0.4544444444444444,40.3625,14.551472432315014,1.014444448107877,1.6672088877855538,3
8489X,1130,12.220636966126657,5.5491459627329185,9.988664596273292,19.92446657183499,12.659310344827587,1.813236171026489,60.630742417222656,3.739322533136966,-0.2555555555555555,40.43333333333333,14.375320609102072,1.03433548297837,1.5558941999936324,3
8492X,420,16.3410780669145,9.482656826568267,14.508931860036832,24.33662900188324,17.211380597014927,1.441078066914498,60.7592936802974,2.27407063197026,-0.1697222222222222,40.227222222222224,14.853972175314972,0.8924397724293298,1.1860340523174153,1
8500A,43,18.705693430656932,12.388005780346822,16.851086956521737,25.913777777777778,20.073626373626375,1.4580839416058395,60.800182481751825,2.2925182481751825,-0.0719444444444444,39.95722222222223,13.525771997430956,0.8993821609292596,1.191652696966237,1
8501,23,19.162120082924183,12.47576189471259,17.01324856661541,26.447564512570892,20.60647519253616,1.5776951775186623,62.00824200953233,2.33634968864374,-0.0322222222222222,39.98916666666667,13.971802617858302,0.9468956576186832,1.2048773017379153,1
8503Y,35,18.43684764795408,12.393385183257253,16.137267080745342,25.254114906832296,19.865541601255888,1.2925303089558076,64.43600872982225,2.9212910361343294,0.183611111111111,40.21138888888889,12.860729723575043,0.8296561459796511,1.366420945532533,1
8520X,1165,11.437800701672593,5.114955809599459,9.292894603006872,19.059435483870967,12.37192680895563,1.9169142655330933,68.52198466855229,3.9353407290015845,0.1652777777777777,40.69361111111111,13.94447967427151,1.0705262991382907,1.5964217138661112,3
8523X,111,17.646181556195966,11.008757062146893,15.597819767441859,25.038873626373626,18.76073619631902,1.1990337115136094,53.82817002881844,2.539913544668588,0.4297222222222222,40.55416666666667,14.030116564226732,0.7880180418387482,1.2641023044374478,1
9001D,870,10.153464903585364,4.369212318167751,8.571676553260774,16.612634560906518,11.22002865329513,1.768143839847826,71.9621052631579,2.7503632302992607,-4.160555555555556,42.99194444444444,12.243422242738767,1.0181770016682186,1.3218526967046917,0
9001S,1650,7.602329455128842,2.6090379564511657,5.221313552524447,13.941474654377883,8.520571827057182,3.6031849990283713,67.83194977889592,3.1744114394924483,-4.374444444444444,43.03666666666666,11.332436697926717,1.5267484549960486,1.428973375788592,0
9012E,915,10.64907343857241,4.792307692307692,8.771972789115646,17.089673913043477,11.785027472527473,1.9245024021962938,73.15625101634373,3.0089446252183616,-3.957222222222222,42.95138888888889,12.297366220735785,1.0731243473047072,1.3885280209479536,0
9016X,770,11.44085910652921,4.998614958448753,9.627038043478262,18.620652173913044,12.42122905027933,1.5797594501718215,71.4585910652921,2.3153264604810997,-4.032222222222222,42.80972222222222,13.62203721546429,0.9476961582192347,1.1985560985721475,1
9019B,720,12.022351108033241,5.500853485064012,10.214814814814815,19.218101092896173,12.899447513812156,1.721312326869806,70.04397506925208,1.6665250407457286,-3.933888888888889,42.80611111111111,13.71724760783216,1.0011142370690755,0.9807761418810034,1
9027X,1017,10.345913925057308,3.964095171250905,8.71224446331784,17.952536231884057,11.401465201465204,1.7011678200692042,73.83720751973492,4.073882596246328,-3.8844444444444446,42.746944444444445,13.988441060633152,0.9936842054494545,1.6241063226055579,0
9031C,730,12.182837696756055,5.398753462603878,10.202038043478261,19.89246161674075,13.119230769230768,1.3040134935145111,72.20947728572357,3.168580387986815,-3.3088888888888888,42.559444444444445,14.493708154136872,0.8346525993766128,1.4275755433141826,1
9051,580,12.911092267343086,6.281402831402831,11.356049382716046,19.898969696969697,13.706479642751367,1.6399640773637347,66.19650621284799,2.0486522042360997,-3.4827777777777778,42.92,13.617566865566866,0.9707653100064565,1.114699592702172,1
9060X,910,10.779822650902302,4.74009900990099,8.999441687344913,17.68354271356784,11.799378109452737,2.060398616355242,76.46779713752333,2.0214530180460484,-3.231666666666667,42.875277777777775,12.943443703666848,1.1185451742630677,1.1057378474833115,0
9069C,460,13.950194426441998,7.112239583333333,12.457367149758454,21.458723958333334,14.948891966759003,1.2978378378366233,68.70333765392094,1.959607906675308,-2.960555555555556,42.68722222222222,14.346484375,0.8319686102858911,1.0850567956007993,1
9073X,660,12.325787221033323,5.936691542288558,10.653985507246377,19.226545454545455,13.342936117936118,2.440048914704983,76.2253133598288,2.6558850504432896,-2.3597222222222225,42.82972222222222,13.289853912256898,1.2354856906751959,1.2963382117527809,0
9091O,513,12.495840933965706,6.479335260115606,11.020923913043477,19.40177514792899,13.407221350078492,2.1647205855459726,75.27836556001459,3.3695366654505654,-2.735,42.88194444444444,12.922439887813384,1.1520647690910932,1.4746569772736373,0
9091R,513,12.59992396593674,6.2091020910209105,11.018900966183576,19.527173913043477,13.53894993894994,1.9501308931779378,74.68689172749392,3.3610401459854016,-2.7327777777777778,42.871944444444445,13.318071822022567,1.0818495399361763,1.472710594501679,0
9111,820,11.924508795256067,6.015734263157747,9.969034500522396,19.357307747902723,13.438854672330605,1.322550505050505,65.81754826950294,2.3786872369613445,-3.1702777777777778,42.42111111111111,13.341573484744977,0.8426659374545635,1.2174872426198855,1
9115X,1630,7.879002493765586,3.0159448818897636,5.3282214156079855,15.031262729124236,8.679340659340658,2.7554613466334166,70.06183160691934,3.2864837905236906,-2.968055555555556,42.255,12.015317847234472,1.3232111396221602,1.455466767611663,0
9121X,465,14.047512551346417,7.2156826568265675,12.4893115942029,21.857350272232303,14.523260073260072,1.2910999543587403,67.08831583751711,2.414081885857902,-2.854722222222222,42.57527777777778,14.641667615405735,0.8290320316591988,1.2279086093974068,1
9122I,612,13.446146830825354,6.912523020257827,11.690579710144927,20.93097826086957,14.151648351648351,1.754263565891473,67.937528499772,2.1701778385772914,-2.7766666666666664,42.60388888888889,14.018455240611743,1.0131500986653095,1.1537876868131836,1
9136X,1006,11.073083941605839,5.047047970479705,9.134963768115941,18.37065217391304,11.636630036630038,2.3947992700729923,71.36998175182482,3.1157150466821015,-2.871111111111111,42.23083333333334,13.323604203433336,1.2222446341001039,1.414812584934363,0
9141V,500,13.945189238486092,7.035911602209945,12.431884057971013,21.919202898550726,14.284798534798535,1.1969448244414045,67.19790241678066,1.8423620611035112,-2.7266666666666666,42.41388888888888,14.883291296340781,0.7870676790413226,1.044635418148799,1
9145X,575,13.105124378109453,6.7373046875,11.632246376811594,20.70142566191446,13.86021978021978,1.9616915422885572,69.29751243781095,2.545290697507176,-2.6327777777777777,42.56722222222223,13.96412097441446,1.0857605721002688,1.265620158739781,1
9145Y,429,14.479534246575342,7.282926829268294,13.237608695652174,22.619934640522878,14.656483516483515,1.3454246575342466,65.71013698630136,2.436191780821918,-2.6394444444444445,42.48277777777778,15.337007811254583,0.8524664761362543,1.2343638177046574,1
9170,353,14.785994525547446,7.551381215469613,13.187114337568056,23.12608695652174,15.162637362637364,1.2793567518248175,65.02440693430657,2.916446167883212,-2.331111111111111,42.45222222222223,15.574705741052126,0.8238932767685879,1.365184652775558,1
9171K,470,14.486861313868614,7.554428044280443,12.584601449275363,22.59855072463768,15.090842490842492,1.3549726277372263,65.75615875912409,2.6317974452554744,-2.1838888888888888,42.57027777777778,15.044122680357237,0.8565291043593155,1.2897276897057535,1
9178X,570,13.06781981085117,6.181055900621118,11.272391304347828,20.856238003838772,13.241100917431192,2.050585075745362,71.63613738178198,2.6594057537060367,-2.3461111111111115,42.67055555555555,14.675182103217654,1.1153334003358937,1.2973007718556777,1
9188,855,12.33535175879397,6.217184265010353,9.933662280701755,19.813069306930693,12.837179487179487,1.1707035175879397,62.537939698492465,3.487537688442211,-2.273333333333333,42.14944444444444,13.59588504192034,0.7750513166637963,1.5013041523177841,1
9195C,2276,4.278471556811787,-0.5764150943396227,1.5059782608695653,13.090217391304348,3.9041039903772488,3.5359198998748433,75.98170806026334,4.248060075093867,-0.5052777777777778,42.793055555555554,13.666632485643971,1.5120279075117826,1.6578584988121428,3
9198X,1197,10.41313269493844,3.939779005524862,8.748369565217391,18.52173913043478,10.336263736263735,4.832877811804359,71.58827617962976,1.0915412676698586,-0.5161111111111111,42.74944444444444,14.58196012490992,1.7635104998072553,0.7379012428409408,0
9201K,823,12.506812652068128,5.040688775510204,10.021059782608695,21.378321678321676,12.585054945054944,1.9907542579075428,57.840328467153284,1.83577158350614,-0.5469444444444445,42.57888888888889,16.33763290281147,1.095525615760095,1.0423140636441794,4
9201X,832,13.113972602739727,6.264835164835165,11.00879120879121,22.05,13.034065934065936,2.640821917808219,64.85205479452055,2.9746575342465755,-0.545,42.57972222222222,15.785164835164835,1.2922094577549705,1.3799385894882261,3
9207,860,11.879146141215108,5.398451327433629,9.714782608695652,20.06326086956522,12.231208791208793,3.08856048166393,62.678434592227696,2.2191570881226053,-0.7505555555555555,42.74055555555556,14.66480954213159,1.4081929476287192,1.1691195514125883,3
9208E,1025,12.679775538250114,6.272324723247232,10.290307971014492,20.890458715596328,13.2625,3.297846999541915,56.18850206138342,2.47304487877101,-0.6727777777777777,42.70861111111111,14.618133992349096,1.4581141995275757,1.2450316958699261,3
9211F,722,13.637057356608478,6.339130434782609,11.16132897603486,22.211634615384614,14.009944751381214,2.1051870324189523,62.70773067331671,3.40713216957606,-0.8172222222222222,42.51416666666667,15.872504180602006,1.1330739494550546,1.483224176237468,3
9218A,838,11.531675824175824,5.2236666666666665,9.46,19.301521739130433,12.014888888888889,3.499285714285714,72.08846153846154,2.5548076923076923,-0.9247222222222222,42.8625,14.077855072463766,1.503918654018579,1.2683009668012135,0
9228J,635,12.391570969223702,5.777962962962964,10.317150635208712,20.06594202898551,13.28689138576779,3.20335323840147,72.20509875976114,3.0612310519062933,-1.300277777777778,42.89611111111111,14.287979066022547,1.4358825968410753,1.4014861424085825,0
9228T,947,10.250504124656278,4.583054003724395,8.20581818181818,16.791074681238616,11.307692307692308,5.762603116406966,82.6954628780935,2.0301329055912007,-1.3255555555555556,43.007777777777775,12.20802067751422,1.9114078923235502,1.1086064817907337,0
9238X,612,12.414908675799088,4.925970425138632,10.767934782608696,20.813248638838477,13.025091575091574,2.4577853881278537,69.27288766068561,2.6414421435924984,-1.1172222222222223,42.7175,15.887278213699844,1.240628322908268,1.2923797964794523,1
9244X,626,13.507209158415842,6.358795180722893,11.73453724604966,22.093020304568526,14.521153846153846,1.5925123762376239,63.132116336633665,2.6866027227722773,-1.2133333333333334,42.490833333333335,15.734225123845633,0.9526274349723005,1.3047053626388445,4
9245X,440,14.579368932038836,6.424376731301939,12.86291208791209,23.476859504132232,15.536864406779662,1.5524271844660193,64.51907073509015,2.4919902912621357,-1.3663888888888889,42.521388888888886,17.052482772830295,0.9370447435061997,1.2504718576934608,1
9252X,390,14.141015430562469,6.867514677103719,12.581340579710146,22.44684317718941,15.2389010989011,1.316973618715779,62.47851708028857,2.939870582379293,-1.6555555555555554,42.48916666666667,15.579328500085692,0.8402618594189873,1.3711478756585098,1
9257X,615,12.186914181375531,5.324107142857144,10.222010869565217,19.40946261682243,12.894725274725275,3.5796104686548995,82.49604382227632,2.370999360567149,-1.5169444444444444,42.97055555555556,14.085355473965286,1.521613943997063,1.2152092465655067,0
9262,450,14.475745595955347,7.196218250263352,12.685597826086957,22.19633152173913,15.679670329670328,2.012739726027397,68.25295201858151,2.854331544464589,-1.6383333333333332,42.81777777777778,15.000113271475776,1.1028498727552138,1.34919759235976,1
9262P,585,13.060926234054353,6.133409610983981,10.783296943231441,20.826263736263737,14.246909492273732,2.013865779256794,70.06849694952857,4.96955074875208,-1.4955555555555555,42.70111111111111,14.692854125279755,1.1032235667829757,1.786671673107664,1
9263D,459,14.204968701095462,6.1369205298013245,12.11086956521739,22.22172619047619,15.086538461538462,1.8229264475743348,67.99921752738655,3.638223787167449,-1.65,42.776944444444446,16.084805660674867,1.0377740942292428,1.5343314884600474,1
9263X,572,13.286690186016678,6.23469387755102,11.148337950138504,20.979268292682928,14.252272727272729,2.1188582424631175,70.89191789608724,1.9410198845413729,-1.5325,42.77611111111111,14.744574415131908,1.1374669869176197,1.0787564206987372,1
9274X,432,13.454199634814364,6.913928571428572,11.77037037037037,20.87075,14.973901098901097,3.0360970816665356,72.10986001217286,1.95188679245283,-1.835,42.91888888888889,13.956821428571429,1.395278156133324,1.0824445565627692,0
9280B,375,14.257358402971215,6.864606741573033,12.245101663585952,22.58702010968921,15.159680451127821,1.1963788300835654,66.7453574744661,3.7709377901578462,-1.8575,42.54944444444444,15.722413368116175,0.7868100179148142,1.5625428872869067,1
9283X,268,14.149715909090908,6.844444444444444,12.318823529411764,22.519662921348313,14.924431818181818,0.8762930546201614,61.41619318181818,2.8745738636363636,-1.7113888888888888,42.206944444444446,15.675218476903868,0.629298050868228,1.3544356860836055,4
9287A,1096,10.252748361069088,4.450587084148728,8.27110694183865,17.799483471074378,11.062637362637362,1.368593526922844,61.06303580433686,2.6633888048411496,-2.230833333333333,42.02638888888889,13.34889638692565,0.8622963304309854,1.2983886219915974,1
9293X,371,15.735566642908054,7.292739273927392,14.1,23.99646739130435,16.065384615384616,1.0096935138987881,64.35994297933,3.9632929436920885,-1.743888888888889,42.17611111111111,16.703728117376958,0.6979822297972595,1.6020694203906858,4
9294E,295,15.504707534834337,7.732445714567306,13.564989059080965,24.457608695652173,15.885209713024283,0.9883849557522124,59.950879490098,4.844413716814159,-1.475277777777778,42.19861111111111,16.725162981084868,0.6873227292030253,1.7654862848142974,4
9299X,475,14.647421832144817,7.697345132743363,12.774782608695652,22.887171052631576,15.187032967032968,0.9285244103126714,61.70049369171695,2.7726823916620957,-1.7233333333333334,41.915,15.189825919888213,0.6567551562540034,1.3277862581815714,4
9301X,410,14.630794205794205,7.5013725490196075,13.197282608695652,23.028048780487804,15.291183035714287,0.8836542404292488,60.845904095904096,3.0779844686508437,-1.6905555555555556,41.95888888888889,15.526676231468198,0.6332136351232499,1.4056028635748399,4
9302Y,297,15.548791872597473,7.85033185840708,13.895185995623633,24.41419213973799,15.934361233480173,0.9624382207578254,64.00329489291597,2.3091707852828116,-1.6094444444444445,42.05555555555555,16.56386028133091,0.6741876903103009,1.1966976399626386,4
9321X,321,15.374031746031745,7.647179487179487,13.636304347826089,24.21578947368421,16.248159509202452,1.0132063492063492,64.37142857142857,1.2624126984126984,-1.1397222222222223,42.12111111111111,16.568609986504725,0.6997286497032673,0.8164318095105434,4
9336D,543,14.166464757709251,6.975884955752212,12.256739130434783,22.992560175054706,14.379194630872483,1.1704295154185023,64.21227973568281,4.368171806167401,-0.9958333333333332,41.98416666666667,16.016675219302492,0.7749250813387244,1.6804874047770704,4
9344C,863,13.591158380317784,5.9702702702702695,11.280697674418604,22.690495049504953,13.710747663551402,1.032906201947719,57.67606355715018,3.317606355715018,-2.293055555555556,41.21638888888889,16.720224779234684,0.7094663958286183,1.4627011643693453,4
9352A,1000,12.321016483516482,5.266791044776119,9.996,21.21123188405797,12.60018315018315,1.0842652867622542,60.80173992673993,4.587843406593406,-2.140277777777778,41.57472222222223,15.94444083928185,0.7344164127004268,1.720593417844115,4
9354X,703,14.040268790443006,6.416438356164384,12.377264492753623,23.470468431771895,14.443626373626374,1.0502737680438028,58.83712356028922,2.418588524891178,-1.8952777777777776,41.293055555555554,17.05403007560751,0.7179733296211462,1.2292277538653447,4
9374X,1000,12.713977011494254,5.140405904059041,10.633695652173913,22.050746268656717,13.170275229357799,0.9108505747126436,58.97701149425287,3.3775402298850574,-1.3208333333333333,40.56666666666667,16.910340364597676,0.647548470004548,1.4764869752864247,4
9377Y,1185,12.124222487424031,5.378557114228458,9.916945996275604,20.959710743801654,12.752117877571349,0.9445352400408581,56.39964249233912,3.1479060265577123,-1.5683333333333334,40.77861111111111,15.581153629573198,0.6650229973812327,1.4226036349895583,4
9381I,884,13.04904184591318,5.3999999999999995,10.998447204968944,22.234937888198758,13.424332810047098,1.3448373280717303,60.02659366445053,2.411224090731326,-1.2933333333333332,40.92611111111111,16.83493788819876,0.8522160297998285,1.2270711977697426,4
9390,774,13.756057494866528,5.850415512465374,11.610326086956523,23.15815217391304,14.260439560439561,0.9654346338124572,56.76865160848734,1.7639972621492128,-1.41,41.114444444444445,17.307736661447667,0.6757134085536517,1.0166779153655743,4
9394X,582,14.795498281786942,6.673537604456825,12.893342391304348,24.183333333333334,15.292265193370167,0.771340206185567,53.80790378006873,2.771837216913681,-1.6452777777777778,41.33111111111111,17.509795728876508,0.5717364387065276,1.3275622081967349,4
9427X,370,15.757647462277093,8.319166666666668,13.966711956521738,24.439237057220712,16.173002754820935,0.7462962962962962,57.89780521262003,2.31241426611797,-1.3808333333333334,41.48111111111111,16.120070390554044,0.5574971430751374,1.197677309050747,4
9434,249,16.85119780971937,8.343213296398892,15.341576086956522,26.268478260869564,17.294505494505493,0.8229979466119097,57.03388090349076,4.618069815195072,-1.0041666666666669,41.660555555555554,17.92526496447067,0.6004823693173451,1.7259881556598513,4
9434P,258,16.851962809917357,8.47590027700831,15.327520435967301,26.240858725761775,17.385950413223142,0.7618457300275483,51.752066115702476,3.5504132231404957,-0.9347222222222222,41.62111111111111,17.764958448753465,0.5663619697805514,1.5152180471117658,4
9436X,1255,11.742299794661191,4.74432132963989,9.155434782608696,20.507608695652173,12.436263736263736,1.305201916495551,61.890143737166326,4.062559890485968,-1.0875,40.99527777777778,15.763287366012284,0.8351682719593237,1.6218722625821316,4
9445L,1800,8.37794520547945,2.1311111111111107,5.4184782608695645,16.92445652173913,8.907692307692308,3.6304109589041094,57.99452054794521,3.0910780533104565,-0.3927777777777778,42.7625,14.79334541062802,1.5326456241816908,1.4088085180393821,3
9451F,1850,8.672431077694236,3.816528925619835,5.814130434782609,17.666304347826088,8.918085106382978,3.195739348370927,58.29685815676398,2.9719298245614034,-0.2752777777777778,42.70444444444445,13.849775422206253,1.4340695695318755,1.3792520784944777,3
9453X,1100,10.633707557502738,3.9352549889135253,8.728260869565219,18.729891304347827,11.014505494505494,3.8046549835706465,64.50819682326411,0.9512595837897043,-0.3188888888888889,42.69916666666666,14.794636315434301,1.5695852362169151,0.6684751044509223,3
9460X,775,12.742915811088297,4.860664819944599,10.972010869565219,21.95842391304348,13.03379120879121,1.976659822039699,58.84428473648186,1.6120807665982204,-0.3555555555555555,42.51277777777778,17.09775909309888,1.0908018067909016,0.9601471322983881,4
9491X,390,14.73944321940463,6.647963800904978,12.906673960612693,23.743913043478262,15.337142857142856,1.2851157662624035,65.7188533627343,3.334564498346196,-0.5858333333333333,42.02944444444445,17.095949242573283,0.8264166866349805,1.4666211434433711,1
9495Y,405,15.271541095890411,6.759583333333333,13.56766304347826,24.852989130434786,15.725824175824176,0.9813698630136986,61.31678082191781,2.6807191780821915,-0.6172222222222222,41.79666666666667,18.093405797101454,0.6837884554954752,1.3031081619137965,4
9501X,535,14.910224089635856,7.482771535580524,13.350735294117646,23.581660231660234,15.5014652014652,0.9785247432306255,56.42156862745098,4.524929971988795,-0.8858333333333333,41.44305555555555,16.098888696079708,0.6823514878205502,1.7092705725703319,4
9510X,205,16.530816746739877,7.599722222222223,15.060136986301368,26.285054347826087,16.97706043956044,0.772860261072651,59.11187371310913,3.3955387783115993,-0.5038888888888889,41.42916666666667,18.685332125603864,0.5725942090241647,1.480590112545598,4
9513X,800,13.724748858447489,6.437777777777777,11.927536231884059,22.267391304347825,14.112087912087913,0.9618700131886998,58.407762557077625,3.464748858447489,-0.8055555555555556,41.03111111111111,15.829613526570048,0.6738981067509969,1.496212966038268,4
9531Y,895,13.078082191780823,5.660000000000001,11.221376811594203,21.878260869565217,13.394871794871795,1.2659360730593607,58.72974611354203,1.5787214611872147,-0.7927777777777778,40.82861111111112,16.218260869565217,0.8179879508483613,0.9472937184248641,4
9546B,305,17.1265306122449,8.423255813953489,15.565454545454546,26.30892857142857,17.026243093922652,0.8729199372056514,56.61459968602826,2.763226059654631,-0.4419444444444445,41.17194444444444,17.88567275747508,0.6274986767958706,1.325276584123847,4
9550C,762,14.09870848708487,6.7,12.54485294117647,22.736666666666665,14.422426470588235,0.8437269372693728,58.42158671586716,5.510931734317343,-0.4077777777777778,40.97444444444445,16.036666666666665,0.6117890324280975,1.8734825695303308,4
9561X,755,15.077534246575343,7.881481481481481,13.196014492753624,23.569202898550724,15.511721611721615,1.121917808219178,53.69315068493151,2.7503836991797117,-0.3152777777777777,40.79833333333333,15.687721417069243,0.7523203062744318,1.321858154529264,4
9562X,990,13.129585253456222,6.043866171003717,11.296828358208955,21.35381818181818,13.626190476190475,1.585990783410138,62.41254441938012,3.607327188940092,-0.1019444444444444,40.62166666666667,15.309952010814463,0.950108716310112,1.52764790338859,4
9563X,1220,11.823308619091751,5.333582089552239,9.829528985507245,19.941444866920154,12.391176470588235,1.2886951620977483,52.429360015656655,4.131653236394822,-0.1866666666666666,40.49861111111111,14.607862777367915,0.8279818569588657,1.6354278755684868,4
9569A,466,16.111658986175115,8.09074074074074,14.575,25.222545454545454,16.43087121212121,0.8856221198156682,50.496334789646504,3.244017124166498,-0.2377777777777777,40.946666666666665,17.131804713804712,0.6342578034872208,1.4455102556555894,4
9573X,334,14.982405956112853,7.47969696969697,14.020652173913044,23.97262295081967,15.304029304029305,0.8166927899686519,59.992163009404386,2.338322884012539,-0.1416666666666666,41.05805555555556,16.4929259811227,0.5970176997029126,1.2054685503436864,4
9574B,215,17.6872591006424,7.92037914691943,16.030978260869567,26.377067669172934,17.885347985347984,0.645610278372591,57.859743040685224,4.8216809421841536,-0.0686111111111111,41.2425,18.456688522253504,0.4981113053097532,1.76158904172352,4
9576C,357,14.040690978886756,6.1375838926174495,14.472677595628415,24.29285714285715,15.071428571428571,0.9282149712092131,62.79654510556622,4.073512476007678,-0.1741666666666666,41.52194444444444,18.155273250239702,0.6565946895625775,1.6240333737874268,4
9585,1699,8.28766550522648,1.331388888888889,6.408967391304348,16.29573002754821,9.126889534883722,2.810034843205575,62.87770034843206,2.236441608246965,1.9394444444444443,42.3325,14.964341138659321,1.3376383342951061,1.1744744572052561,3
9590,1038,11.62886723507917,3.369948849104859,9.945516304347825,20.20607476635514,12.019340659340658,1.7984496443854274,60.98355663824604,1.6898294762484773,1.6933333333333334,42.36222222222222,16.836125917250282,1.0290655653997964,0.9894777998752166,4
9590D,1940,7.774281626325669,1.4274153450996694,6.227481925497767,15.300500274786678,7.856466973097222,3.4863494514028655,62.987204730868136,1.6435540069686412,1.6674999999999998,42.430277777777775,13.873084929687009,1.501039331281421,0.9721242265844081,3
9619,677,12.950788211103497,5.012083333333333,11.60584239130435,21.340463215258858,13.70315934065934,1.4167688268613101,59.55551747772447,1.3977501773778678,1.4627777777777775,42.35472222222222,16.328379881925525,0.8824314524889783,0.8745308716027189,4
9632X,1196,11.158853754940711,4.182943143812709,8.81648148148148,18.87020958083832,11.552900552486188,2.6191304347826088,63.96521739130435,1.5948221343873519,1.5694444444444444,42.23027777777778,14.687266437025611,1.286233785596284,0.9535179726068581,3
9638D,609,13.577290519748628,5.129967666796532,12.388840262582056,22.89275,14.55631868131868,1.8904268292682929,63.68406158269974,3.7596341463414635,1.3119444444444446,42.15444444444445,17.762782333203468,1.061404183007319,1.560170805277149,4
9647X,435,13.477454744925947,4.506555555555556,11.758152173913043,23.21855895196506,14.282637362637363,1.12062534284147,67.15743280307186,2.09315365779804,1.3955555555555554,41.80583333333333,18.712003396409507,0.7517110182263569,1.1291911716794496,4
9650X,400,14.494309190505174,4.489002557544756,12.85679347826087,24.39370629370629,15.082967032967034,1.123919659160073,63.93274497869751,1.9678487863588843,1.1086111111111112,41.88138888888889,19.904703736161537,0.7532632774100966,1.0878373760149513,4
9657X,952,11.253437477219373,4.1129711751662965,10.403909394910443,19.789585019661374,12.227194489563425,1.632901802723177,61.32257091235289,1.3545288753799392,1.126111111111111,42.625,15.676613844495076,0.9680865849927163,0.8563406545379038,4
9660,1907,7.523000470803998,1.1152949076818968,5.416739130434782,16.11868337493529,8.530440097799511,3.6837089978417685,63.03720840532894,2.249322580565649,1.0075,42.58083333333334,15.003388467253394,1.5440903169570488,1.1784465378666569,3
9677,2410,6.499828245878555,-0.33216518812154466,4.537471164059425,15.033742061053266,7.649590675269981,3.68321835330185,67.26558995556549,5.531422651933702,1.2147222222222225,42.41,15.36590724917481,1.5439855559138649,1.8766247835615226,3
9689X,1273,10.975492880613363,4.489467849223947,9.009565217391305,18.772391304347824,11.509450549450548,3.397075438494692,64.22702011640341,1.7820379160820599,0.9908333333333332,42.46638888888889,14.282923455123878,1.480939646861752,1.0231837224817262,3
9698U,807,13.919564017660043,5.405605381165921,12.506483516483515,22.992919389978212,14.529092920353982,1.656898454746137,54.92439293598234,2.419012141280353,0.8647222222222222,42.20472222222222,17.587314008812292,0.977159448036863,1.2293516617711728,4
9707,515,15.012584684084358,5.427048153058478,13.066360153256705,24.518866517524238,15.59194630872483,1.8147437351434679,54.195314319625325,1.9234658094681474,0.9072222222222224,42.066944444444445,19.09181836446576,1.0348712219746603,1.0727698334970106,4
9718X,463,15.214537755822159,6.084545454545455,13.577839335180057,24.499447513812154,15.881043956043959,0.9298517995765702,64.42095977417078,2.595257704567862,1.2230555555555558,41.68111111111111,18.414902059266698,0.6574432121843009,1.2796156727673453,4
9720X,388,15.125309252486337,6.376333180584495,13.064457021126707,23.920104599236794,15.489283360860071,1.02627130456225,56.49959837904459,1.4263372620126926,1.1494444444444445,41.65055555555556,17.543771418652298,0.7061973082936586,0.8863828206503901,4
9724X,520,14.695384345383864,5.232119228950111,13.26609907120743,23.883554254429235,15.364123006833712,1.100889453621347,63.98880925622958,2.6285532012706025,0.7561111111111111,41.873333333333335,18.651435025479124,0.742360804401172,1.2888340016846798,4
9726E,657,12.33105239073029,4.35637707948244,10.408152173913042,21.16322487874292,13.279853479853479,1.2270899954317038,70.32395022474896,3.48752855185016,1.3094444444444444,41.55722222222222,16.80684779926048,0.8006957985192124,1.50130211632344,4
9729X,252,16.189453717754173,6.310222222222222,14.731521739130434,25.622264875239924,16.559065934065934,1.0120890237733942,66.28502781992918,2.057738998482549,0.8666666666666667,41.61694444444444,19.312042653017702,0.699173497666897,1.117675753466198,4
9744B,1089,11.298388998035364,4.05235294117647,9.533363636363637,19.188839285714288,11.270604395604396,2.562369259216249,63.40547559981989,1.5715717092337917,0.7988888888888889,42.50333333333333,15.136486344537818,1.2704258457539692,0.9445172719936594,3
9751,760,13.81919413919414,6.285578330893119,12.333288043478262,22.505925925925926,14.409669811320754,2.1605494505494507,58.31098901098901,3.609212454212454,0.7469444444444444,42.31861111111112,16.220347595032806,1.150745889240165,1.528057008187495,4
9756X,765,13.417911615174031,5.6234177215189876,11.766459627329192,22.286801242236027,13.85447409733124,1.6396167383652718,62.775322643723115,2.662240907313258,0.48,42.1125,16.66338352071704,0.9706337317576951,1.2980752298103404,4
9771C,186,16.399061400078217,6.932594936708861,15.497826086956522,26.11335403726708,16.881318681318685,1.0834930271012546,62.90653109112241,2.3982401251466565,0.5980555555555556,41.62611111111112,19.18075910055822,0.7340458251511109,1.2232576873647023,4
9772X,673,14.989256386861312,7.196678966789667,13.239764492753622,23.780253623188408,15.605860805860804,1.365419708029197,61.23882299270073,2.9213117496506222,0.9136111111111112,41.36611111111111,16.58357465639874,0.8609554725957215,1.3664262278391495,4
9775X,392,15.773272311212814,6.829889298892989,14.616878402903811,25.184601449275362,16.30925925925926,1.0757437070938216,63.755148741418765,2.40961089425047,0.6783333333333333,41.41361111111111,18.354712150382372,0.7303195025253083,1.2265981775267703,4
9776D,488,15.550124487601169,7.305095541401275,14.061528476459111,24.43884555382215,16.228459119496854,0.8275432745534614,64.84360531591622,2.638267372870322,0.7341666666666666,41.39333333333333,17.133750012420876,0.6029725920076551,1.291507571862173,4
9784P,992,12.015219092331769,4.944224683544304,10.769332298136646,20.13693623639191,12.092072213500785,3.65295835935168,65.30535993740219,1.6258607198748043,0.2247222222222222,42.63,15.192711552847607,1.537503223618014,0.9654087355839716,3
9808X,610,14.298331370239497,5.977689873417721,12.986080870917572,23.481889763779527,14.72354788069074,2.278288182175108,64.81821751079701,2.6095350490508693,0.1380555555555555,42.42166666666667,17.504199890361807,1.1873213904827797,1.2835789687731982,4
9812M,1206,12.391522988505747,5.839726027397259,10.07391304347826,19.950543478260872,12.348351648351649,4.059873013468057,65.7478448275862,1.0649425287356322,-0.0991666666666666,42.655277777777776,14.110817450863614,1.6213413868319027,0.725102394904944,3
9814I,1905,7.7175612988734255,2.54147582697201,5.5133152173913045,15.3433242506812,7.840157480314961,3.796189366148124,65.28124013229436,2.9367130550033136,-0.1244444444444444,42.65611111111111,12.801848423709188,1.567821720570134,1.3703461251304931,3
9814X,1076,13.8305589148005,6.545012359128673,11.770108695652175,22.169038461538463,14.030669361908892,3.8482082108132354,60.71672345405328,1.7354790419161676,-0.1119444444444444,42.6375,15.62402610240979,1.5786091956197912,1.006306572973903,3
9838B,1120,10.846221613155834,3.827821939586645,9.409472049689441,18.966304347826085,11.019701726844582,2.5727877838684416,64.24608252736301,1.9653876272513706,0.5205555555555557,42.59944444444445,15.13848240823944,1.2733461828940489,1.0870077582221969,3
9839V,2374,4.967019867549669,0.04045801526717562,2.466576086956522,12.48315217391304,5.204199475065616,2.5364809714766596,67.89549750850725,3.5088741721854304,0.5430555555555555,42.555,12.442694158645866,1.2631321568705418,1.506047493124848,3
9843A,825,12.92736193518941,5.2250922509225095,11.677355072463767,21.548097826086956,13.121834862385322,2.792623011579635,65.23094477407577,1.0515746234596075,0.4341666666666667,42.47694444444445,16.323005575164444,1.3330578672002622,0.7186076073102541,3
9855E,600,13.606827073552427,5.1013470681458,12.059937888198757,22.990683229813666,14.109105180533753,1.7788341158059466,61.77171361502347,1.9788928012519562,0.4661111111111111,42.20138888888889,17.889336161667867,1.0220314569333664,1.0915516882739942,4
9866C,305,15.199432485322898,6.1841521394611725,14.151009316770187,24.582115085536547,15.718681318681318,1.333307240704501,62.519765166340505,1.3760469667318984,0.1405555555555555,42.021388888888886,18.397962946075374,0.8472866777694645,0.865438168448086,4
9894Y,300,15.64938412408759,6.703782287822879,14.73967391304348,24.996920289855073,15.9989010989011,0.9557937956204379,63.971943430656935,2.591742700729927,-0.1608333333333333,41.799166666666665,18.293138002032194,0.6707961445934488,1.2786375166744073,4
9898,546,14.871368421052631,6.540931780366057,13.54549689440994,24.198630136986303,15.628388278388279,1.3497263157894737,62.1578947368421,2.291578947368421,-0.3255555555555555,42.08444444444444,17.657698356620244,0.8542988600077347,1.1913673728632548,4
9901X,463,15.52787408759124,6.832841328413283,14.291485507246378,24.880615942028985,15.953663003663005,1.2702997923347026,60.18042883211679,2.9219707338784016,-0.395,42.138888888888886,18.0477746136157,0.819911889881017,1.3665942657061303,4
9908X,380,15.497503930817611,7.092698412698412,14.1990625,24.446081504702192,16.152908805031448,0.9319182389937107,60.290683962264154,3.7870676100628926,-0.3330555555555555,41.77388888888889,17.35338309200378,0.6585134155334035,1.5659180339920402,4
9911X,178,16.14002298850575,7.005996309963099,15.349094202898552,25.626345083487937,16.645756457564577,0.8694252873563219,63.088735632183905,2.947701149425287,0.1877777777777777,41.61944444444445,18.62034877352484,0.6256310506655074,1.3731334220053069,4
9918Y,218,15.2813184079602,6.214285714285714,14.311141304347826,24.833130081300816,16.312747252747254,1.0676616915422885,68.07619965685433,1.9932734350339552,0.3769444444444444,41.78083333333333,18.6188443670151,0.7264183511659965,1.0963675828780635,4
9924X,170,17.10098630136986,7.8526548672566365,16.097391304347823,26.512418300653597,17.81035242290749,1.0656986301369864,62.74931506849315,2.7540547945205476,0.3555555555555555,41.52472222222222,18.65976343339696,0.7254684888747264,1.3228365343605486,4
9935X,483,14.610950721752117,6.585714285714286,13.000869565217391,23.309807692307693,14.782051282051285,1.641612742658039,64.67322050771529,1.880910900945744,0.1463888888888889,40.873333333333335,16.724093406593408,0.9713896180129605,1.0581065291908875,1
9946X,495,15.912560492740871,8.275461254612544,13.814039855072464,24.06292962356792,16.472095070422533,1.4035776497808021,60.93576770787506,2.919641574542039,0.3116666666666666,40.95305555555556,15.787468368955377,0.8769583147910358,1.3660002145561243,1
9947X,370,16.46002747252747,8.246467991169979,15.031304347826087,25.16537610619469,17.433956043956044,0.9576462871877931,62.62362637362637,3.614697802197802,0.3533333333333333,41.17722222222222,16.91890811502471,0.6717428777318247,1.5292463841635187,4
9961X,363,16.942368708971554,9.030242825607065,15.235217391304348,25.583478260869562,17.80956043956044,1.123687089715536,62.38512035010941,1.5294584245076586,0.7352777777777777,41.24944444444444,16.553235435262497,0.7531537713006475,0.928005218365581,4
9975X,112,16.940693604622403,9.321839192785454,15.489692982456141,25.672127139364306,18.114808246707412,1.1507900677200904,66.92071106094808,2.9197258573695217,0.6136111111111111,41.005,16.350287946578852,0.7658352479959547,1.3660217170123412,1
9981A,50,18.9284435604177,11.8625,17.338586956521738,27.017276422764226,20.06175824175825,1.3354798607657883,60.25708602685231,2.8771258080556934,0.4933333333333333,40.82027777777778,15.154776422764225,0.8482173778296281,1.3550941080090169,1
9987P,1,17.604570043032698,11.49275095557202,15.081583669619855,23.912931030933045,19.18097193934575,0.8875714285714285,73.2868674708549,2.5764766522979863,0.81,40.69916666666666,12.420180075361024,0.6352910443767664,1.2743781404583128,1
9988B,2467,3.541275545787889,-2.2066225165562914,0.8326086956521739,11.733695652173912,4.157201629175303,2.3066090352314914,68.75423262087597,4.169349704696128,0.9738888888888888,42.69194444444444,13.940318168730204,1.1959232036153433,1.6427468981518323,3
9990X,1161,10.667447363471629,3.795787139689579,9.983259985802308,19.841179700526414,12.008379899735186,2.3421969170038817,65.09890389597913,1.0381529850746267,0.8769444444444445,42.70027777777778,16.045392560836834,1.2066283503415882,0.7120439982612318,3
9994X,722,12.002283653846153,5.890290178571428,11.18834422657952,19.178074866310162,13.119843342036555,2.589775138313072,73.0634014423077,1.5310697115384615,0.6897222222222222,42.77611111111111,13.287784687738734,1.278089564971109,0.9286420242648613,0
9995Y,334,14.258026755852844,8.927111111111111,12.834581497797355,19.700653594771243,15.527146171693735,4.2184503901895205,75.47129319955407,1.8414158305462653,-1.3008333333333333,43.09111111111111,10.773542483660131,1.6522004977059104,1.0443024598298687,0
9998X,1006,12.098143015521064,4.6245033112582785,10.043680709534366,21.061322869955152,12.790969162995594,0.978991130820399,61.951219512195124,3.413608647450111,-1.4944444444444445,40.921388888888885,16.436819558696875,0.6825871849632911,1.4846926422477986,4
B013X,490,15.000332778702163,8.549333333333333,12.988864628820961,22.742954545454545,15.917802197802198,3.026878551528584,69.02995008319468,0.9148918469217969,2.8858333333333333,39.82333333333334,14.193621212121212,1.3929915228668819,0.6496611442344954,0
B051A,5,18.0067843866171,12.725418060200667,16.45733695652174,25.167841409691633,20.884615384615383,1.5466542750929368,70.03438661710037,2.821189591078067,2.691388888888889,39.79555555555555,12.442423349490966,0.9347804486972785,1.340561785417037,1
B087X,60,18.52568143100511,13.082998324958123,16.53423913043478,25.07753108348135,20.075459558823532,1.4662691652470186,69.50191652470187,2.9936465115413355,2.512777777777778,39.689166666666665,11.994532758523228,0.9027065493319014,1.3847047262048622,1
B103B,52,17.368972491909386,11.557272727272727,15.69633152173913,24.64790940766551,19.139243027888444,1.0704692556634303,68.6779935275081,0.8524271844660194,2.368888888888889,39.57944444444445,13.090636680392782,0.7277752751433886,0.6164967707845503,1
B158X,50,17.333312538989393,11.686666666666666,15.36318082788671,24.582777777777775,19.163186813186815,1.3024329382407986,69.90548970679976,2.130224578914535,2.466388888888889,39.55138888888889,12.896111111111109,0.8339663630948478,1.1411047524300495,1
B228,3,19.209351432880844,13.494716242661447,17.223913043478262,26.194692144373672,20.805054945054945,1.27579185520362,70.26093514328808,1.994871794871795,2.625277777777778,39.55416666666667,12.699975901712225,0.8223280600625945,1.0969014242644803,1
B236C,95,17.111213235294116,10.801083815028901,14.982880434782611,24.76770992366412,18.552433281004706,1.3615441176470588,69.72683823529412,1.9353125,2.6438888888888887,39.64222222222222,13.96662610863522,0.8593156922235923,1.0768139212066976,1
B248,1030,13.162852822580644,6.820726915520629,11.278142076502732,21.462845010615712,13.93989010989011,2.222433580326652,70.54624126337059,5.128477822580645,2.713055555555556,39.735,14.642118095095084,1.1701368443935474,1.8129464030572238,3
B275E,47,19.41672335600907,12.361244019138756,16.780978260869563,27.047453703703702,20.557142857142857,0.8826530612244898,65.00340136054422,3.0760704710157607,2.706666666666667,39.60583333333334,14.686209684564947,0.6326819848100099,1.4051334044690584,1
B278,5,17.306706281833616,11.16920634920635,15.525951086956523,25.00523364485981,19.63318681318681,1.190315367479197,68.38857219284162,3.9436120543293716,2.736666666666667,39.56083333333333,13.83602729565346,0.7840455368760715,1.598096249101166,1
B301,113,18.779371859296482,13.182226562499999,16.565036231884058,25.542250530785562,20.76340659340659,0.9310552763819095,70.01959798994974,3.5430904522613065,2.785,39.37972222222222,12.360023968285564,0.6580666288170454,1.513607496828082,1
B334X,140,18.097615293653924,11.619742813918306,16.17312925170068,26.184537815126053,19.717857142857145,1.1679936933385888,68.8730784391013,2.692946688659873,2.8916666666666666,39.49555555555556,14.564795001207747,0.773802174596503,1.3064246999849873,1
B341X,149,18.687872665017462,12.317712177121772,16.490942028985508,26.489836394820568,20.6021978021978,1.3235741444866922,69.1579784931927,3.0615966155124035,3.0055555555555555,39.50611111111111,14.172124217698796,0.8431065797231053,1.4015761513614555,1
B346X,120,18.04210872334233,11.892946058091285,16.135531135531135,25.51924686192469,19.22566844134658,1.1996791443850268,64.10053475935828,1.9362032085561496,3.0191666666666666,39.52166666666667,13.626300803833404,0.788311506266727,1.0771173210806633,1
B362X,40,17.175205479452053,10.491896869244936,14.783060109289616,24.58269927536232,18.73818681318681,1.187945205479452,72.90730593607306,2.324337899543379,3.0641666666666665,39.40583333333333,14.090802406117383,0.7829628410466294,1.201270526322335,1
B373X,3,17.265503080082137,10.463434903047093,14.619157608695653,24.80529891304348,19.064285714285717,1.0367556468172485,73.2943189596167,3.2390485968514717,3.0119444444444445,39.35111111111111,14.341864009996387,0.7113581726693583,1.4443388565301867,1
B398A,165,18.181942789034565,13.23962962962963,15.99025974025974,24.416022099447513,20.50491452991453,1.2301484662751636,73.41835518474375,5.3611442193087,2.936666666666667,39.13555555555556,11.176392469817884,0.8020681600608963,1.8502082698667386,1
B410B,45,18.272648941099256,12.158484772845446,15.700207928845414,25.05266963033053,20.025494505494507,1.1089777228667326,71.66021026961495,2.953418362697899,3.145833333333333,39.34,12.894184857485085,0.7462033385516761,1.3745806129411395,1
B434X,17,18.8221116740457,12.866906474820144,16.21307189542484,25.390137614678896,20.63813504370783,1.4358014986630885,72.43161007078383,3.5801078320090802,3.2716666666666665,39.41444444444444,12.523231139858751,0.8902758599359307,1.5217225419557214,1
B496X,25,18.03065134099617,12.287278761061946,15.622826086956522,24.438695652173912,19.691978021978024,1.5186097427476737,73.61974502313788,2.73440065681445,3.383611111111111,39.63027777777778,12.151416891111966,0.9237070599009048,1.3175873389922743,1
B526X,110,17.86508515815085,11.282780612244899,15.523913043478261,24.73216783216783,18.954835164835167,1.7811829272379238,71.56756408388108,2.5927893154624075,3.351111111111112,39.68861111111111,13.44938721992293,1.022876350592331,1.2789288689121106,1
B569X,57,19.749075144508673,14.304651162790698,16.96974885844749,26.342961165048543,21.619666666666667,1.384182187821628,74.90461824991571,4.685401103874892,3.478055555555556,39.71666666666667,12.038310002257845,0.8688561673492816,1.7379016794849378,1
B603X,99,18.75661859403275,12.725839455496093,16.499222395023327,25.926341463414634,20.088132911392407,1.7690824776791076,68.67301587301587,3.2625353415432556,3.278611111111111,39.723055555555554,13.20050200791854,1.0185160298337466,1.4498641338464078,1
B605X,2,17.63663017982799,11.474486571879938,15.50776397515528,24.458695652173912,19.01530612244898,1.5559812353401095,73.12842064112589,2.2121515367496625,3.104722222222222,39.79666666666667,12.984209080293974,0.9384361950721075,1.1669409732872396,1
B614E,100,17.759840182648404,11.265341959334567,15.566515426497281,25.046920289855073,19.041117216117218,1.261932330603157,71.44199593147682,2.4937671232876713,3.217777777777778,39.55694444444444,13.781578330520507,0.816219461509555,1.2509805590291676,1
B640X,95,18.245543584720863,10.816901408450704,14.976811594202896,25.698188405797104,19.915625,1.2732615083251715,69.05484818805093,2.892164544564153,3.121111111111111,39.61638888888889,14.8812869973464,0.8212155881097716,1.3589654410673284,1
B644B,120,17.47214463840399,10.946548323471399,15.295923913043476,25.372505091649693,18.858241758241757,1.4198972991286858,64.3640897755611,2.390199501246883,3.002222222222222,39.64333333333333,14.425956768178294,0.8837251008914855,1.2208887695861042,1
B656A,121,17.5831714527027,11.097654941373534,15.489408099688475,25.37204116638079,18.819688644688647,1.2327280405405405,64.97516824483205,2.669552364864865,2.8002777777777776,39.6525,14.274386225007255,0.8032241743708193,1.3000696832008922,1
B662X,105,17.874064837905237,10.82276507276507,15.532608695652174,25.671730769230766,18.635018382352943,1.294882699893106,67.56608478802993,2.9376558603491274,2.8738888888888887,39.67805555555555,14.848965696465696,0.8306817310486008,1.370585586949073,1
B684A,842,12.874986316365625,6.149557522123895,10.766739130434782,20.666304347826088,13.810549450549454,2.964062491152946,73.10180623973727,2.541323588177484,2.787777777777777,39.79277777777778,14.516746825702192,1.3772693810137493,1.2645005522297696,0
B691,40,17.975297303290127,11.403142076286086,16.2018591595043,25.594422700587085,19.08190743779508,1.4733990735689892,67.36604600667991,2.4017076620869697,3.015277777777778,39.748333333333335,14.191280624301,0.9055933477680512,1.2242775590900068,1
B691Y,32,17.861530218602656,11.401353637901861,15.90788643533123,25.40405643738977,19.303234750462106,1.367403574548062,65.88783135599724,2.7300704587848967,3.0166666666666666,39.74916666666667,14.002702799487908,0.8617938164410791,1.316427123231979,1
B760X,45,18.4839596700275,12.1097605893186,16.331340579710144,25.71424682395644,19.72565298507463,2.0091200733272228,68.03093492208983,1.7332951420714942,3.0241666666666664,39.87694444444445,13.60448623463784,1.1016477015799586,1.0055078930916146,1
B780X,2,18.82352067512571,12.671254355400697,16.39673362082913,25.63014705882353,19.94309523809524,1.7214104729729731,72.50459595848406,1.876295439776645,3.100277777777778,39.909444444444446,12.958892703422832,1.0011503021441446,1.0565031605135364,1
B800X,78,18.829645653069633,13.144023569023568,16.161708860759497,25.214149443561208,20.661013986013984,0.9444215556718248,78.020763281825,5.130521169360166,4.323888888888889,39.87611111111112,12.07012587453764,0.6649645321551901,1.8132797658056485,1
B825B,80,18.151651459669893,12.209794628751975,15.668826760614262,25.070962732919256,19.57095761381476,1.6961688819390148,71.92863102627338,3.8738467552775604,4.086388888888888,39.99055555555556,12.86116810416728,0.9918318327569272,1.583883513444378,1
B860X,20,18.45053257730943,12.125590206961741,15.9444099378882,25.584627329192546,20.104582651391166,1.4836035047487341,69.79936617686025,3.2805325379271424,3.853888888888889,39.99277777777778,13.459037122230805,0.9097105316642865,1.4540774266029206,1
B870C,43,17.424329144589816,11.174659672072671,15.046056536733824,24.432859285303596,18.88811475409836,1.4230458590293162,70.78823836370408,2.368174191804264,3.956666666666667,39.94472222222222,13.258199613230925,0.8850253682047333,1.214370814699513,1
B893,91,17.863291634089133,11.591469194312797,15.372981366459628,24.85745341614907,19.542386185243327,1.5539992322652223,71.95758405003909,4.592591868647381,4.215555555555556,39.85472222222222,13.265984221836273,0.9376604570093714,1.72144284136343,1
B908X,110,17.435346889952154,10.833704974271013,15.109937888198756,24.447515527950312,18.73908948194663,1.200358851674641,69.80003987240829,2.3225057496114956,1.4925000000000002,39.05611111111111,13.613810553679299,0.7886204614601274,1.2007192421113644,1
B925,32,18.59295935625249,11.742090395480226,16.454076086956523,25.805027173913043,20.130908938388057,0.926155485123747,69.49398043671565,1.7963786578909975,1.321388888888889,38.96305555555556,14.062936778432817,0.6555260396729028,1.0283252436322186,1
B954,6,18.459362783424552,12.207109004739335,16.05450310559006,25.332919254658385,20.154552590266874,1.0575645035183738,70.7642689601251,3.983326817826427,1.3844444444444444,38.87638888888889,13.12581024991905,0.7215230035118768,1.6060977037081512,1
B957,3,18.50757159670459,12.168641390205371,16.299689440993788,25.366614906832297,20.12730891719745,1.0432615246911612,68.04590035307965,2.668818384620706,1.4413888888888888,38.922777777777775,13.197973516626925,0.7145473177707199,1.2998696441808801,1
B986,24,19.353354593235814,13.202922590837284,17.007015430696423,26.118584758942458,21.0150868878357,0.9256607659727609,71.71971074295924,2.8964081898330476,1.463611111111111,38.69361111111111,12.915662168105174,0.6552691638919953,1.3600551518098591,1
C018J,376,18.99890410958904,16.417005545286507,17.42201086956522,21.358695652173914,20.768899082568804,0.40812785388127854,73.19817351598174,6.119360730593607,-13.690277777777778,28.96972222222222,4.941690106887407,0.34226105892670583,1.9628179363639797,2
C019V,6,21.13344733242134,18.61915285451197,19.583423913043475,23.569021739130434,22.738644688644687,0.14541723666210668,67.05243958048335,4.281942544459644,-13.835,28.85888888888889,4.949868884618464,0.13576896946060765,1.664293936204958,2
C029O,14,21.958111806098515,18.57345971563981,20.615605590062113,25.078105590062112,23.524489795918367,0.24886630179827993,63.510946051602815,6.218432369038311,-13.600277777777777,28.951944444444443,6.504645874422302,0.22223618121706826,1.9766378059281406,2
C038N,277,19.231550068587108,16.54401473296501,17.615482695810563,21.81361161524501,20.929779411764706,0.29465020576131684,72.53246456332876,5.2411065386374025,-13.489166666666666,29.14361111111111,5.269596882279998,0.258240547283629,1.8311574965700865,2
C048W,275,18.989072543617997,16.6875,17.519237749546278,20.894736842105264,20.798437500000002,0.26831955922865014,74.15840220385675,5.6355831037649216,-13.680833333333332,29.0425,4.207236842105264,0.2376928425828768,1.8924465469317167,2
C101A,2223,12.123427529626253,7.512867647058823,9.69963768115942,18.4231884057971,12.7985347985348,1.6028258887876026,38.86007292616226,4.84302643573382,-17.89527777777778,28.75583333333333,10.910320758738276,0.9565977351035958,1.7652488879046666,5
C117A,684,17.28577114427861,14.934179687499999,15.134239130434784,20.59837067209776,18.96747252747253,1.0198507462686568,69.25273631840795,2.589228855721393,-17.985555555555557,28.760555555555555,5.664190984597763,0.7030236206974483,1.277937376006404,2
C117Z,733,17.65536194827765,15.234139180953013,15.662500000000001,20.99693676149109,19.104395604395606,0.701130524152107,69.32097554682917,1.9256059795584395,-17.936666666666667,28.674722222222226,5.762797580538075,0.5312930442453282,1.073501631725173,2
C126A,844,16.61397357723577,13.3279843444227,14.252542372881356,21.431634819532906,18.073186813186812,1.3223069105691059,63.884654471544714,3.5902439024390245,-17.853055555555557,28.653888888888886,8.103650475110205,0.8425610496357024,1.5239331604469715,2
C129V,19,21.803745600804426,20.07397260273973,20.326539855072465,23.635987261146497,23.64186813186813,0.4300906854217866,68.01885369532428,6.412141779788839,-17.84111111111111,28.455,3.562014658406767,0.3577378586399541,2.0031194366520455,2
C129Z,62,22.01784618845192,19.669207317073173,21.12191011235955,24.343059082446754,23.168399351548874,0.32755876877228934,65.63243835142968,1.908766592920354,-17.915277777777778,28.59583333333333,4.6738517653735805,0.28334174341566926,1.06772914010296,2
C139E,33,21.043194352728595,19.174977627352597,19.60253623188406,23.016348195329087,22.846593406593406,0.7237556561085973,69.73608407748215,5.34228255404726,-17.755,28.63305555555556,3.8413705679764902,0.5445054314012657,1.847238727953613,2
C148F,362,18.410188261351053,16.455625,17.134239130434782,20.739268292682922,20.299175824175826,1.8530671832904952,75.38067552602436,2.904409873468255,-17.78222222222222,28.804722222222225,4.283643292682921,1.0483946202508097,1.3621066511209912,2
C229J,15,22.208049738219895,19.694797178130514,20.481796874999997,24.835765124555163,24.22151051625239,0.16073298429319371,60.390488656195465,3.228322962995152,-14.358055555555556,28.049166666666668,5.140967946424649,0.14905168857563592,1.4418054517971919,2
C239N,1,21.802721088435373,18.79491666666667,20.39976708074534,25.111367673179398,23.353944954128444,0.1574755606047769,64.21556122448979,4.198724489795918,-14.023055555555556,28.20861111111111,6.316451006512729,0.14624139280699266,1.6484133050749032,2
C248E,252,19.87482887367766,17.045083932853718,18.549021739130435,22.78173333333334,21.84605633802817,0.2713130056004978,66.869321717486,5.371064094586185,-14.019166666666669,28.416944444444447,5.736649400479621,0.24005022908010948,1.8517665034488668,2
C249I,25,21.403934652554074,18.75814360770578,20.221273291925467,24.305168986083498,23.19087912087912,0.1846065347445927,67.82512655315233,6.127082374597331,-13.863055555555556,28.44472222222222,5.547025378377718,0.16941068125999215,1.9639019465555534,2
C258K,217,19.707070063694268,17.030730897009967,18.29208074534161,22.42184724689165,21.527564102564103,0.28424628450106154,70.0072186836518,3.9719745222929936,-13.931666666666668,28.6125,5.391116349881685,0.2501719972335967,1.6038170493982067,2
C314Z,1474,14.083290949954634,9.851567092461009,10.947252747252747,19.908474576271185,15.530138371191578,1.2672284644194758,63.879892224285435,7.090613295880149,-17.249166666666667,28.106944444444444,10.056907483810177,0.8185581447534999,2.090704537329314,5
C316I,916,16.90222912516688,14.29088397790055,14.399184782608698,21.33953253200203,18.22637362637363,1.0635846372688478,66.975258459683,5.6204092185930525,-17.315,28.12833333333333,7.048648554101478,0.7244445857341916,1.8901571835358577,2
C317B,765,16.64385106382979,14.63870431893688,14.839827856025039,19.0240674955595,18.511630036630038,1.1427426383473014,80.2872340425532,2.174199518269867,-17.213055555555556,28.17888888888889,4.38536317662262,0.7620866151812469,1.1550554803270436,2
C319W,190,21.27706338349293,18.974769797421732,19.752626811594205,23.495833333333334,22.864743589743593,0.29995440036479704,67.3780209758322,2.4327405380756955,-17.30638888888889,28.054166666666667,4.521063535911601,0.26232918720982745,1.2333589328473273,2
C328W,252,19.215538033395173,16.883241252302028,17.789492753623186,21.495533980582522,20.826190476190472,0.7894198579902905,73.24257884972171,2.0763682745825602,-17.194166666666668,28.16361111111111,4.612292728280494,0.5818914656389609,1.1237497696337921,2
C329B,219,21.19803503787879,19.054972375690607,19.534845360824743,23.307620817843866,22.728021978021978,0.2981534090909091,65.12263257575758,2.9867424242424243,-17.210833333333333,28.031666666666663,4.252648442153259,0.26094280012011356,1.3829744624102203,2
C329Z,15,22.19343415913879,19.87949509598552,20.509393612085564,24.605887681159423,23.75824175824176,0.2870221699691616,70.23475671365632,3.4629274965800274,-17.11138888888889,28.08972222222222,4.726392585173905,0.252331154548887,1.4958049400704123,2
C406G,2150,12.787704472953182,7.916793893129772,10.921272727272726,19.067843481397176,13.029132227900032,0.5326950023353573,30.75360622252732,3.9904393833690968,-16.62611111111111,28.224166666666665,11.151049588267405,0.4270276253240946,1.607523958666387,5
C412N,2071,14.607711693548387,9.822614107883817,11.876644736842104,21.19930966469428,14.997031539888683,0.5534923169219323,35.41762327577955,4.758099243595799,-16.705277777777777,28.21972222222222,11.376695556810462,0.4405055041817879,1.7506074278170316,5
C415A,990,16.35150254276468,12.709426987060997,13.655009107468125,21.450371747211896,17.674018691588785,0.941123439667129,67.78692211215194,3.7366470757416717,-16.805555555555557,28.30527777777778,8.7409447601509,0.6632668980777368,1.5553295174172173,2
C417J,735,17.577348449791764,14.917962962962962,15.281718464351004,21.207089552238806,18.964405204460967,0.45897732531235536,69.48395131651604,2.507653949586354,-16.789166666666667,28.23333333333333,6.289126589275844,0.3777357281672127,1.2549474235740685,2
C418I,476,19.52313467855467,17.64079925650558,17.69195612431444,21.79295238095238,21.102207293666027,0.27355701548568745,69.12386125098999,3.185495239447056,-16.789722222222224,28.21444444444444,4.152153124446798,0.241813785134598,1.4316250337256309,2
C418L,700,19.110791826309068,16.488684210526316,16.524363636363635,22.44373956594324,20.572222222222223,0.4348871860366113,65.31010676016463,3.563264237335001,-16.763055555555557,28.200277777777774,5.955055355416924,0.3610862301188231,1.518038208954794,2
C419L,403,20.511892362070743,18.326848249027236,18.984782608695653,22.86955739615962,21.876007326007326,0.19821596244131454,64.10140845070423,2.48981220657277,-16.791944444444447,28.20694444444444,4.542709147132385,0.18083375259640516,1.2498479257616424,2
C419X,130,21.739443684450524,19.25662983425414,20.279619565217388,24.00960144927536,23.38937728937729,0.16160510715914272,62.412595064398396,3.0725205524636268,-16.710555555555555,28.08138888888889,4.75297161502122,0.14980276173777093,1.4042621081267865,2
C422A,1833,14.558591940713294,9.800369003690037,12.042216117216118,21.154452690166977,15.306203007518796,0.38242241778601205,48.206301027322006,4.188949508912997,-16.65138888888889,28.17194444444445,11.35408368647694,0.3238373355059095,1.646531269930283,5
C423R,1654,15.227590194264572,10.57111111111111,12.749543795620438,21.7114312267658,15.944309701492537,0.2621646623496762,48.77819503935264,4.322096045414353,-16.52111111111111,28.224166666666665,11.14032011565469,0.23282823290528237,1.6718672192574335,5
C426E,1258,15.309818941504178,11.06648148148148,12.84080882352941,21.233644859813083,16.179532710280377,0.5022980501392758,62.37065274406501,3.1677158868239297,-16.628055555555555,28.144166666666667,10.167163378331603,0.40699596916838854,1.4273681367783575,5
C426I,880,17.21050884955752,14.014222222222223,14.70764192139738,21.682079646017698,18.46830357142857,0.6302820796460177,66.64747023022592,3.299124325379092,-16.605833333333333,28.126944444444444,7.667857423795475,0.48875305484393905,1.4584113567003287,2
C426R,930,17.34582366589327,13.87374768089054,14.930769230769231,22.032803738317757,18.62158878504673,0.6030858468677494,65.0216955987458,3.193996779306688,-16.490555555555556,28.216944444444444,8.159056057427216,0.4719304260722787,1.4336541645506513,2
C428T,418,19.398495212038302,17.09447513812155,17.62554347826087,21.85163043478261,21.002197802197802,0.5551330101169741,67.5656634746922,3.9103967168262654,-16.48333333333333,28.180833333333336,4.757155296661061,0.4415610790258288,1.5913547362667593,2
C428U,135,21.16321287408244,18.823815165876777,19.28434065934066,22.97211328976035,22.761787072243344,0.2970638057594579,68.10099587212856,3.6230653570914293,-16.472499999999997,28.13111111111111,4.148298123883574,0.2601030990043539,1.5310579822826285,2
C429I,64,22.398283582089554,19.70919421487603,20.732065217391305,24.789807692307694,23.908150183150184,0.1949502487562189,61.25671641791045,6.241318407960199,-16.561111111111114,28.04694444444445,5.080613477431662,0.17810455167681907,1.9798032903663216,2
C430E,2369,11.043958048335615,5.624677716390424,8.830978260869566,17.795652173913044,11.844871794871795,0.6057683538531692,38.71773825809394,7.125501281072223,-16.499722222222225,28.308333333333334,12.170974457522622,0.47360236717181775,2.095007422444639,5
C436I,290,20.273622047244096,17.35817843866171,18.6456880733945,23.31530612244898,21.793668528864057,0.44546086150995834,66.71775679995991,3.368471753196244,-16.405555555555555,28.32638888888889,5.95712768378727,0.368428206016353,1.4744132347161638,2
C436L,525,19.528067700987304,16.62883263009845,17.485664335664335,23.077777777777776,20.955579399141634,0.7925599435825105,64.23112875163737,3.415595873873393,-16.3975,28.370555555555555,6.448945147679325,0.5836447342616446,1.4851427907186012,2
C437E,500,19.217207074428888,16.759143686502178,17.311391541609822,22.322021116138764,20.858028616852145,0.6765106853352985,66.54940942329962,3.468677536068437,-16.419722222222223,28.26972222222222,5.562877429636586,0.516714660500792,1.4970925116237397,2
C438N,463,18.844163246694027,15.755524861878452,17.069746376811594,22.276268115942027,20.23992673992674,0.5248426160815335,64.54696762425901,2.933652530779754,-16.401666666666664,28.359166666666667,6.520743254063575,0.4218912021641371,1.3695683914040304,2
C439J,115,20.51433458775231,17.832918395573998,18.843885869565216,23.275543478260875,22.074587912087914,0.422573395800982,63.95272720365004,4.233114307944701,-16.38222222222222,28.31833333333333,5.442625082686877,0.3524674820324576,1.655006570825245,2
C446G,868,16.311463331048664,13.486099585062242,14.13383152173913,19.408152173913045,18.20124481327801,2.3883824537354355,76.64067854694997,4.201273000700987,-16.280277777777776,28.52638888888889,5.9220525888508035,1.220352655228548,1.648903403453948,2
C447A,632,17.5025538124772,14.50686416184971,15.797826086956523,20.649260355029583,19.387205651491364,1.2834731849689893,75.24972637723458,5.640879241152864,-16.329444444444444,28.4775,6.142396193179872,0.8256976106219156,1.893244370558414,2
C448C,136,21.196954496596202,18.45797720797721,19.483428165007112,24.050436046511628,22.864828080229227,0.5140517363570514,62.991124799332695,3.9984479300070372,-16.273333333333333,28.4625,5.592458838534419,0.414789326397757,1.60912745024711,2
C449C,36,22.386281217926786,19.521991701244815,20.777445652173913,25.355027173913044,23.85604395604396,0.51033185083818,59.96732808758125,2.999439955790602,-16.255277777777778,28.46333333333333,5.833035472668229,0.41232939544822167,1.3861543402650787,2
C449F,19,21.9978411618623,18.97381137607971,20.264130434782608,24.893110795454547,23.485714285714288,0.6391739229680988,63.212079592464576,2.360769906684528,-16.195555555555554,28.508055555555558,5.919299419374838,0.4941924094266152,1.2121700866210108,2
C449Q,305,18.49765987025023,16.623637961335675,17.08524332810047,20.48379174852652,20.65361173814898,0.9718721037998147,74.60424341444848,3.440784971794551,-16.228055555555553,28.56,3.8601537871908462,0.6789833979919101,1.490831156266883,2
C453I,1744,12.624530563324011,8.281458003169572,10.11234375,18.537925445705024,13.762276422764229,1.470874950059928,57.75841066986905,4.5160558350111,-16.433333333333334,28.39472222222222,10.256467442535453,0.9045723187084638,1.7076630822531205,5
C455M,1065,13.826430842607314,10.682376395534291,11.617032967032966,17.683865814696482,15.366293929712459,1.5393680445151035,73.11800458347669,3.084968884042703,-16.496944444444445,28.361666666666668,7.001489419162191,0.9319152487022426,1.4073141111575465,2
C456E,922,15.08060368921185,11.712808988764044,12.959320175438597,18.756390134529145,16.950678733031676,1.9027669088876469,74.08388338889063,3.187527795040138,-16.40861111111111,28.453888888888887,7.043581145765101,1.0656643886350978,1.4321105347506813,2
C456P,906,14.6587890625,11.587782805429862,12.367576419213975,18.18946188340807,16.524439461883407,1.3258649553571427,76.62227881200866,3.681059875336476,-16.546666666666667,28.36138888888889,6.6016790779782095,0.8440919936651441,1.543524553378293,2
C456R,551,17.16021146355036,14.870378619153675,15.494078947368422,19.151006711409394,19.17820224719101,1.2359986678756176,75.90869837003947,3.303730579719609,-16.541944444444447,28.372777777777777,4.28062809225572,0.8046879595304292,1.4594822232513789,2
C457E,650,15.883697674418602,13.292228464419475,14.145521023765996,18.39347014925373,17.739962476547845,1.498139534883721,76.93366804039074,2.9696984643112088,-16.438055555555557,28.449444444444445,5.101241684834255,0.9155462687837509,1.3786901382404775,2
C457I,567,17.055745554035568,14.850920810313076,15.4294384057971,19.072916666666668,18.853296703296703,1.418973755621546,72.87870497036023,2.3313725490196076,-16.454444444444444,28.434444444444445,4.221995856353592,0.8833433823013829,1.2033843959535604,2
C458A,310,19.276734897653522,17.135445544554457,17.805797101449276,21.35865580448065,21.19120879120879,0.8423364952571144,70.67498751872192,2.9362955566650024,-16.42,28.49638888888889,4.223210259926194,0.6110346004419638,1.370240066986956,2
C458U,595,16.2595676369863,13.91111111111111,14.488888888888889,18.26433333333333,17.976073131955484,1.393558294164729,79.95712182956287,3.1942135261930638,-16.578055555555554,28.36861111111111,4.35322222222222,0.8727810847511401,1.4337058434853776,2
C459Z,25,21.627486187845303,19.356983240223464,20.283666061705986,23.684153005464477,23.18,0.546731123388582,70.34149289343112,2.5248388581952117,-16.548333333333336,28.41805555555556,4.327169765241013,0.4361437513063786,1.259834721232142,2
C466O,878,15.181984989373037,12.349178231358211,13.305725806451616,18.198236331569664,17.15872420262664,1.3504157549234135,77.47278651429247,3.6529175157657092,-16.794444444444448,28.339166666666664,5.849058100211453,0.8545922294967893,1.5374944455972197,2
C467I,525,16.48199233716475,13.809392789373813,14.868795620437956,19.220865384615383,18.24320486815416,1.0669300766283525,73.67999168994687,2.6275463681166573,-16.708333333333332,28.35333333333333,5.41147259524157,0.7260644516941289,1.2885564880836662,2
C468I,218,19.445473441108543,17.241296296296294,17.83855311355311,21.567962962962966,21.15510204081633,0.6713993943305915,72.20868324234738,2.7843362979718944,-16.72222222222222,28.36694444444445,4.3266666666666715,0.5136612362126259,1.3308705209118206,2
C468O,450,18.051655913978493,15.834223706176962,16.6059375,20.282363636363637,19.9669776119403,1.204,72.51983186727324,3.286154733232147,-16.80138888888889,28.356944444444444,4.4481399301866755,0.790273891290668,1.4553899984137566,2
C468X,667,16.154491255961844,13.802727272727271,14.442934782608695,18.56219512195122,18.773260073260076,1.5949125596184421,76.18649279444988,2.382114467408585,-16.625833333333333,28.37305555555556,4.759467849223949,0.953552820334702,1.2185010959735774,2
C611E,1702,13.679392405063291,8.62603550295858,11.110897435897435,20.601273885350317,15.24090909090909,1.1645569620253164,51.22527346148674,2.852835443037975,-15.58388888888889,27.976666666666667,11.975238382391737,0.7722157040356383,1.3488093559434913,5
C612F,1514,14.208014112903227,9.448917322834646,11.704166666666667,20.53411513859275,16.038351648351647,1.6806051790769991,57.0804315856919,2.3803931451612903,-15.59888888888889,28.006944444444443,11.085197815758104,0.9860425821192599,1.217992017867323,5
C614H,1060,19.18076923076923,14.2945530726257,16.62992424242424,24.766180371352785,20.97664835164835,0.7147826086956521,43.970903010033446,2.6452173913043477,-15.615833333333333,27.995,10.471627298727086,0.5392863138052849,1.2934160046435823,5
C619I,10,20.55801941126792,17.302380952380954,18.68456790123457,23.218418093387196,23.473333333333333,0.41130434782608694,74.22608695652174,4.090869565217392,-15.81388888888889,28.000833333333333,5.9160371410062425,0.3445143461572954,1.6274486539314836,2
C619X,5,21.803877965614227,19.68966725043783,20.456796303229364,24.064910536779326,23.864175824175828,0.28173032673722964,63.624022089277496,4.821882190520019,-15.712777777777776,28.101111111111116,4.375243286341497,0.24821098281196202,1.7616236098936913,2
C619Y,13,21.551921434671222,18.22811980033278,20.728267716535434,24.363279857397504,23.28302752293578,0.17230441061829374,61.234415029888986,5.543429509593937,-15.8075,28.00111111111111,6.135160057064724,0.1589713934516948,1.8784614178709673,2
C623I,1220,17.775138339920947,12.602635782747603,15.17639751552795,24.475120385232746,18.932888540031396,0.5258893280632411,50.239723320158106,1.9396640316205536,-15.599722222222224,27.92666666666667,11.872484602485143,0.42257740602730454,1.0782952998617144,5
C625O,806,19.806911447084232,15.842654424040067,17.69373040752351,25.325,21.248626373626372,0.3098920086393088,56.79740820734341,2.265356371490281,-15.645,27.856944444444444,9.482345575959933,0.2699446976618144,1.183368905773693,5
C628B,318,22.005972696245735,18.535357737104825,20.619595645412133,25.842870036101083,23.565750915750915,0.26318259385665527,56.49338737201365,3.867235494880546,-15.77,27.90888888888889,7.307512298996258,0.23363440446019065,1.582526115725654,2
C629Q,10,21.603350413874654,19.880635400907718,20.23600543478261,23.399410774410775,23.578113553113557,0.07993693338588885,72.02601497832084,3.009479700433583,-15.71111111111111,27.78,3.5187753735030576,0.0769026444180073,1.3886614823848356,2
C629X,10,21.97368129841387,19.60781476121563,20.727853260869566,24.267381316998467,23.643977812995242,0.08291780867850124,63.12652157875323,3.064182958317964,-15.764166666666666,27.81638888888889,4.659566555782838,0.07965907287527157,1.4022127285339965,2
C635B,960,19.363282247765007,14.53762458471761,17.231775700934577,25.73667262969589,20.665018315018315,0.502767134951043,51.52171136653895,1.6330140485312898,-15.574166666666668,27.92,11.199048044978278,0.40730816526842967,0.9681292160606256,5
C639M,45,22.429606931530007,19.42522045855379,20.989402173913046,25.155081967213114,23.741915227629512,0.09619611158072697,63.36939983093829,2.755473372781065,-15.575555555555557,27.758055555555558,5.729861508659322,0.09184610644307958,1.3232143419260272,2
C639U,41,21.89502739148757,18.952740863787376,20.552954898911352,24.896061643835615,23.515625,0.16721449641803623,62.42372524230931,5.251580278128951,-15.453055555555554,27.8125,5.943320780048239,0.15462013797285376,1.8328342762891585,2
C648C,306,21.380563213863727,17.79075562700965,19.575272161741836,25.372841444270016,22.71585557299843,0.3624655376132335,57.447420244190624,5.907601417881056,-15.453888888888889,27.9025,7.582085817260367,0.3092959537405018,1.932622459992277,2
C648N,344,19.925088339222615,16.515873015873016,18.260981308411214,23.498595943837753,21.38493690851735,0.511935610522183,62.08421672555948,3.6565174715351394,-15.457777777777777,27.9875,6.982722927964737,0.4133906912170705,1.5382678450470857,2
C649I,24,22.05819708095046,19.177923211169286,20.5073696870604,24.652936378466556,23.495996860282574,0.2582736842105263,63.661864949472545,7.526863157894737,-15.395277777777777,27.91777777777778,5.47501316729727,0.22974068963290462,2.1432215515362345,2
C649R,9,21.241275192950667,18.411627885084208,19.948757763975156,23.694781931464174,22.873783359497647,0.2384253819036428,66.18997258127693,4.187250293772033,-15.377777777777778,27.986666666666668,5.283154046379966,0.2138407193665169,1.6462037482579046,2
C656V,683,16.92903861308117,13.972187004754359,15.114829192546585,20.06318252730109,18.577170418006432,1.4268321513002364,75.28447596532703,2.097399527186761,-15.547222222222222,28.075277777777774,6.0909955225467325,0.8865867654324954,1.130562897251498,2
C658L,269,19.58882803943045,17.069984917043744,18.063509316770187,21.686221590909092,21.203846153846154,0.6150668991391796,76.51734209565535,3.313237010821816,-15.450833333333332,28.075,4.616236673865348,0.4793763794322767,1.4616886688156867,2
C658X,269,19.150274254370927,16.621983356449377,17.689183673469387,21.323533424283763,20.94120879120879,0.5753171066163867,73.36030167980802,3.094652039766884,-15.453333333333331,28.078055555555554,4.701550067834386,0.45445658954612894,1.4096817417208112,2
C659H,55,21.381393240404922,19.404596836643783,19.791552762353973,23.006551491283098,23.283714442744238,0.2968187274909964,67.2743334983055,4.010064853865188,-15.416111111111112,28.08972222222222,3.6019546546393144,0.25991413264519986,1.6114488598962602,2
C659M,15,21.733451029205344,19.431289808917196,20.367138157146663,23.545748468379653,23.59516126050523,0.3489251592356688,70.12435828983533,2.2175557324840764,-15.421388888888888,28.11305555555556,4.114458659462457,0.29930809698807836,1.168621982011499,2
C665T,900,16.842144540455617,13.424367088607596,14.878416149068322,20.6728125,18.386666666666663,1.5493322859387273,71.6537706205813,2.638138256087981,-15.565555555555555,28.065555555555555,7.248445411392403,0.9358314762305114,1.291472082696522,2
C668V,352,19.85719314040798,17.185719672072494,18.13928691422679,22.76277292576419,21.783962264150944,0.5946178873601579,65.0810557485689,4.712724623603691,-15.675,28.094444444444445,5.577053253691695,0.4666341384823656,1.7426960768658457,2
C669B,86,20.772700228832953,18.327560521415272,19.522101449275365,22.70635208711434,22.49366972477064,0.2922654462242563,71.64599542334096,2.4561556064073224,-15.506666666666666,28.141666666666666,4.378791565699068,0.2563968379916266,1.2401568749303329,2
C689E,6,21.704475790537543,19.13730952993033,20.55368608506863,23.702125637579346,23.244210516697954,0.07160791887976824,66.6444938128134,3.322646064703042,-15.595833333333331,27.735833333333336,4.5648161076490155,0.0691602484330992,1.4638677297228408,2
C839X,19,21.27794326241135,19.008703703703706,19.619489795918366,23.379128856624323,22.926404494382023,0.16486997635933806,68.68416075650119,5.774988233991079,-13.510277777777778,29.22972222222222,4.3704251529206175,0.1526094725137506,1.913237630083973,2
C916Q,948,16.718712575345776,12.707550644567219,14.424547101449274,21.947258474154506,17.74120879120879,1.0002279981760145,60.02051983584131,2.1871865025079797,-17.978055555555553,27.718888888888888,9.239707829587287,0.6932611731505504,1.159138553493295,2
C917E,713,18.145460164160053,15.295948434622465,15.930733552162122,22.33466218313325,19.533136273064617,0.683348350020811,64.43777284850745,4.870865382948928,-18.115,27.725277777777777,7.038713748510785,0.5207848753838107,1.7700020476672262,2
C919K,98,21.776340330503405,20.176632757584517,20.564174757281553,23.683874999999997,23.335358751650855,0.20560270281929077,62.409783965313956,3.3085267871363415,-18.01861111111111,27.665277777777774,3.5072422424154794,0.186979610214904,1.460596032954983,2
C925F,1070,14.565010570824525,11.491712707182321,12.061413043478263,18.803804347826087,16.04158878504673,1.287244538407329,73.2167483705027,4.136293164200141,-17.960277777777776,27.76888888888889,7.312091640643766,0.8273478347321948,1.6363316450156808,2
C928I,670,16.984466019417475,14.721698113207546,15.22391304347826,18.622480620155038,18.38021978021978,0.7578209277238404,82.61326860841424,5.43915857605178,-17.919444444444444,27.81083333333333,3.9007825069474915,0.5640749327117611,1.8623978756874568,2
C929I,32,21.72768052516411,19.920971302428256,20.29695652173913,23.362391304347828,23.32021978021978,0.25530634573304156,70.96881838074398,6.569775711159737,-17.88888888888889,27.81888888888889,3.441420001919571,0.22737964298183472,2.024163438365736,2
C939T,20,21.605517555859553,19.51694290976059,20.122101449275362,23.717934782608694,23.046703296703296,0.31213573054401844,69.6420428636571,3.190925672594619,-18.1075,27.75638888888889,4.200991872848103,0.271656138329539,1.4329216337808044,2
